feature	diet_dairy	diet_meat	time_baseline	time_endpoint	n_embeddings	max_hits
N_AQ.1014	4	3	7	0	7	7
K01911	5	2	7	0	7	7
K01631	2	5	7	0	7	7
K01635	0	7	3	4	7	7
K01638	0	7	6	1	7	7
K01644	0	7	3	4	7	7
K01673	0	7	4	3	7	7
K01678	2	5	0	7	7	7
K01686	7	0	3	4	7	7
K01693	0	7	5	2	7	7
K01697	0	7	5	2	7	7
K01731	2	5	7	0	7	7
K01736	0	7	5	2	7	7
K01758	2	5	7	0	7	7
K01760	0	7	4	3	7	7
K01766	3	4	7	0	7	7
K01791	5	2	0	7	7	7
K01816	0	7	6	1	7	7
K01825	3	4	7	0	7	7
K01826	2	5	7	0	7	7
K01834	0	7	5	2	7	7
K01835	4	3	0	7	7	7
K01844	5	2	0	7	7	7
K01857	2	5	7	0	7	7
K01867	1	6	0	7	7	7
K01625	5	2	0	7	7	7
K01621	0	7	3	4	7	7
K01610	6	1	0	7	7	7
K01430	4	3	0	7	7	7
K01126	3	4	7	0	7	7
K01142	5	2	0	7	7	7
K01143	1	6	7	0	7	7
K01186	0	7	6	1	7	7
K01209	5	2	0	7	7	7
K01252	1	6	7	0	7	7
K01258	3	4	0	7	7	7
K01354	0	7	5	2	7	7
K01358	0	7	4	3	7	7
K01419	1	6	7	0	7	7
K01436	0	7	4	3	7	7
K01608	0	7	7	0	7	7
K01442	2	5	0	7	7	7
K01462	0	7	3	4	7	7
K01496	0	7	3	4	7	7
K01501	3	4	0	7	7	7
K01523	0	7	6	1	7	7
K01534	5	2	0	7	7	7
K01547	4	3	7	0	7	7
K01572	7	0	1	6	7	7
K01581	0	7	6	1	7	7
K01588	4	3	0	7	7	7
K01881	3	4	0	7	7	7
K01918	4	3	0	7	7	7
N_AQ.106	1	6	7	0	7	7
K01919	0	7	5	2	7	7
K02355	2	5	0	7	7	7
K02362	4	3	7	0	7	7
K02363	2	5	7	0	7	7
K02372	4	3	0	7	7	7
K02377	4	3	0	7	7	7
K02391	0	7	6	1	7	7
K02394	0	7	6	1	7	7
K02420	4	3	0	7	7	7
K02424	0	7	4	3	7	7
K02436	0	7	7	0	7	7
K02441	1	6	7	0	7	7
K02445	2	5	7	0	7	7
K02456	0	7	6	1	7	7
K02459	3	4	7	0	7	7
K02462	1	6	7	0	7	7
K02466	1	6	7	0	7	7
K02483	0	7	4	3	7	7
K02495	3	4	7	0	7	7
K02501	0	7	4	3	7	7
K02504	2	5	7	0	7	7
K02505	0	7	6	1	7	7
K02510	2	5	7	0	7	7
K02518	3	4	0	7	7	7
K02315	3	4	0	7	7	7
K02297	2	5	7	0	7	7
K02221	0	7	7	0	7	7
K02037	0	7	3	4	7	7
K01920	2	5	7	0	7	7
K01928	0	7	5	2	7	7
K01929	0	7	3	4	7	7
K01941	2	5	0	7	7	7
K01972	0	7	2	5	7	7
K01974	2	5	7	0	7	7
K01998	0	7	4	3	7	7
K02002	3	4	7	0	7	7
K02033	1	6	7	0	7	7
K02035	0	7	5	2	7	7
K02042	0	7	4	3	7	7
K02198	2	5	7	0	7	7
K02055	0	7	6	1	7	7
K02066	3	4	7	0	7	7
K02069	0	7	4	3	7	7
K02072	0	7	4	3	7	7
K02073	1	6	7	0	7	7
K02075	0	7	5	2	7	7
K02110	0	7	1	6	7	7
K02115	2	5	0	7	7	7
K02167	3	4	7	0	7	7
K02168	2	5	7	0	7	7
K01092	0	7	6	1	7	7
K01058	2	5	7	0	7	7
K01042	2	5	7	0	7	7
K01031	2	5	7	0	7	7
ENOG410XTDY	2	5	7	0	7	7
ENOG410YXYD	4	3	0	7	7	7
ENOG4111MX4	4	3	0	7	7	7
ENOG410YEWS	5	2	0	7	7	7
ENOG410YAQA	5	2	0	7	7	7
ENOG410ZJ6Y	4	3	0	7	7	7
ENOG411200D	5	2	0	7	7	7
ENOG4111KX8	5	2	0	7	7	7
ENOG410Y5B4	1	6	0	7	7	7
ENOG410YBMA	5	2	0	7	7	7
K00007	3	4	7	0	7	7
K00013	0	7	5	2	7	7
K00075	0	7	6	1	7	7
K00088	5	2	0	7	7	7
K00094	3	4	7	0	7	7
K00098	1	6	7	0	7	7
K00108	1	6	7	0	7	7
K00121	2	5	7	0	7	7
K00124	3	4	7	0	7	7
K00141	0	7	5	2	7	7
K00156	3	4	7	0	7	7
K00163	4	3	7	0	7	7
K00170	7	0	3	4	7	7
ENOG411293P	3	4	0	7	7	7
ENOG4111WWY	4	3	0	7	7	7
ENOG4111SZB	5	2	0	7	7	7
ENOG411028W	5	2	0	7	7	7
COG3185	1	6	7	0	7	7
ENOG410XSCE	1	6	7	0	7	7
ENOG410XX9J	4	3	7	0	7	7
ENOG410ZDE6	3	4	7	0	7	7
ENOG41100PD	1	6	7	0	7	7
ENOG4111GV6	0	7	4	3	7	7
ENOG410XYZZ	3	4	0	7	7	7
ENOG410Y2W2	4	3	0	7	7	7
ENOG410Y315	3	4	0	7	7	7
ENOG410Y47H	4	3	0	7	7	7
ENOG41118GD	4	3	0	7	7	7
ENOG4111SJZ	4	3	0	7	7	7
ENOG410XZP0	5	2	7	0	7	7
ENOG410YJNW	2	5	0	7	7	7
ENOG4111I0E	3	4	0	7	7	7
ENOG41128KA	3	4	0	7	7	7
COG4249	7	0	5	2	7	7
ENOG410YIZV	4	3	0	7	7	7
ENOG410YQXT	2	5	0	7	7	7
ENOG410Z1WC	4	3	0	7	7	7
ENOG410Z2ND	4	3	0	7	7	7
ENOG410ZXJU	4	3	0	7	7	7
K00194	3	4	0	7	7	7
K00230	0	7	3	4	7	7
K00247	2	5	7	0	7	7
K00879	3	4	7	0	7	7
K00757	4	3	0	7	7	7
K00758	2	5	7	0	7	7
K00762	3	4	0	7	7	7
K00805	5	2	0	7	7	7
K00836	0	7	2	5	7	7
K00851	0	7	3	4	7	7
K00852	0	7	5	2	7	7
K00855	4	3	7	0	7	7
K00868	0	7	6	1	7	7
K00878	0	7	4	3	7	7
K00881	0	7	5	2	7	7
K00674	0	7	4	3	7	7
K00886	0	7	5	2	7	7
K00892	0	7	5	2	7	7
K00936	0	7	5	2	7	7
K00943	0	7	5	2	7	7
K00945	5	2	0	7	7	7
K00962	4	3	0	7	7	7
K00990	0	7	3	4	7	7
K00997	0	7	4	3	7	7
K01000	0	7	5	2	7	7
K01002	3	4	7	0	7	7
K00690	0	7	3	4	7	7
K00662	2	5	0	7	7	7
K00299	0	7	5	2	7	7
K00457	2	5	7	0	7	7
K00324	0	7	4	3	7	7
K00325	0	7	2	5	7	7
K00371	2	5	7	0	7	7
K00373	0	7	6	1	7	7
K00380	4	3	7	0	7	7
K00382	2	5	7	0	7	7
K00389	5	2	7	0	7	7
K00390	3	4	7	0	7	7
K00425	4	3	7	0	7	7
K00449	2	5	7	0	7	7
K00526	0	7	3	4	7	7
K00656	3	4	0	7	7	7
K00528	0	7	4	3	7	7
K00533	5	2	0	7	7	7
K00549	0	7	4	3	7	7
K00556	3	4	7	0	7	7
K00568	2	5	7	0	7	7
K00606	7	0	4	3	7	7
K00609	4	3	0	7	7	7
K00627	5	2	7	0	7	7
K00640	4	3	0	7	7	7
K00651	0	7	2	5	7	7
K02521	2	5	7	0	7	7
K02525	2	5	7	0	7	7
K02533	3	4	7	0	7	7
K04562	5	2	0	7	7	7
K05832	5	2	0	7	7	7
K05833	4	3	0	7	7	7
K05844	0	7	6	1	7	7
K05847	3	4	7	0	7	7
K05882	2	5	7	0	7	7
K05896	0	7	3	4	7	7
K05964	3	4	7	0	7	7
K05966	3	4	7	0	7	7
K06145	2	5	7	0	7	7
K06146	0	7	5	2	7	7
K06157	0	7	6	1	7	7
K06159	1	6	7	0	7	7
K06162	2	5	7	0	7	7
K06164	2	5	7	0	7	7
K06165	0	7	6	1	7	7
K06218	3	4	0	7	7	7
K06283	5	2	0	7	7	7
K06330	0	7	1	6	7	7
K06334	5	2	0	7	7	7
K06379	2	5	0	7	7	7
K06385	3	4	0	7	7	7
K06390	2	5	0	7	7	7
K06400	4	3	0	7	7	7
K05823	4	3	0	7	7	7
K05813	0	7	5	2	7	7
K05807	7	0	5	2	7	7
K05358	3	4	7	0	7	7
K04691	2	5	7	0	7	7
K04750	2	5	7	0	7	7
K04761	6	1	7	0	7	7
K04772	3	4	7	0	7	7
K04775	2	5	7	0	7	7
K04781	2	5	7	0	7	7
K04786	2	5	7	0	7	7
K05275	2	5	7	0	7	7
K05341	2	5	0	7	7	7
K05350	0	7	4	3	7	7
K05365	0	7	7	0	7	7
K05805	2	5	7	0	7	7
K05396	1	6	7	0	7	7
K05499	0	7	6	1	7	7
K05568	4	3	0	7	7	7
K05589	1	6	7	0	7	7
K05775	2	5	7	0	7	7
K05781	2	5	7	0	7	7
K05787	0	7	6	1	7	7
K05790	2	5	7	0	7	7
K05796	2	5	7	0	7	7
K05798	1	6	7	0	7	7
K06412	3	4	0	7	7	7
K06421	5	2	0	7	7	7
K06885	5	2	0	7	7	7
K07308	4	3	7	0	7	7
K07149	3	4	0	7	7	7
K07229	3	4	7	0	7	7
K07230	0	7	6	1	7	7
K07232	2	5	7	0	7	7
K07243	0	7	5	2	7	7
K07250	0	7	5	2	7	7
K07275	0	7	7	0	7	7
K07283	3	4	7	0	7	7
K07301	4	3	0	7	7	7
K07305	2	5	7	0	7	7
K07310	5	2	7	0	7	7
K07140	3	4	7	0	7	7
K07346	2	5	7	0	7	7
K07351	0	7	7	0	7	7
K07393	0	7	5	2	7	7
K07460	0	7	4	3	7	7
K07464	0	7	4	3	7	7
K07470	0	7	6	1	7	7
K07473	0	7	5	2	7	7
K07489	2	5	7	0	7	7
K07592	3	4	7	0	7	7
K07637	3	4	7	0	7	7
K07147	2	5	7	0	7	7
K07127	3	4	7	0	7	7
K06890	0	7	6	1	7	7
K06980	2	5	7	0	7	7
K06894	6	1	7	0	7	7
K06896	3	4	0	7	7	7
K06899	0	7	6	1	7	7
K06902	0	7	3	4	7	7
K06907	3	4	7	0	7	7
K06916	0	7	4	3	7	7
K06917	0	7	6	1	7	7
K06918	3	4	7	0	7	7
K06926	5	2	0	7	7	7
K06934	2	5	0	7	7	7
K07000	4	3	7	0	7	7
K07120	2	5	7	0	7	7
K07005	0	7	6	1	7	7
K07010	3	4	0	7	7	7
K07015	5	2	0	7	7	7
K07032	5	2	7	0	7	7
K07034	1	6	7	0	7	7
K07053	0	7	7	0	7	7
K07062	0	7	4	3	7	7
K07084	3	4	0	7	7	7
K07090	0	7	4	3	7	7
K07114	4	3	7	0	7	7
K04654	3	4	7	0	7	7
K04081	2	5	7	0	7	7
K02535	0	7	5	2	7	7
K04080	2	5	7	0	7	7
K02968	0	7	1	6	7	7
K03074	4	3	7	0	7	7
K03076	0	7	3	4	7	7
K03185	1	6	7	0	7	7
K03208	2	5	7	0	7	7
K03214	3	4	7	0	7	7
K03270	4	3	7	0	7	7
K03275	1	6	7	0	7	7
K03276	1	6	7	0	7	7
K03281	5	2	7	0	7	7
K03290	2	5	7	0	7	7
K03297	0	7	4	3	7	7
K03304	0	7	5	2	7	7
K03306	0	7	5	2	7	7
K03313	2	5	7	0	7	7
K03324	4	3	0	7	7	7
K03381	0	7	7	0	7	7
K03406	7	0	2	5	7	7
K03411	3	4	0	7	7	7
K03415	4	3	0	7	7	7
K03417	3	4	7	0	7	7
K03424	0	7	5	2	7	7
K03437	3	4	7	0	7	7
K02959	0	7	3	4	7	7
K02926	0	7	2	5	7	7
K02899	2	5	0	7	7	7
K02679	1	6	7	0	7	7
K02536	5	2	7	0	7	7
K02550	2	5	7	0	7	7
K02552	3	4	7	0	7	7
K02560	1	6	7	0	7	7
K02562	2	5	7	0	7	7
K02565	1	6	7	0	7	7
K02598	2	5	7	0	7	7
K02612	2	5	7	0	7	7
K02613	2	5	7	0	7	7
K02654	0	7	6	1	7	7
K02686	0	7	7	0	7	7
K02890	0	7	2	5	7	7
K02687	7	0	1	6	7	7
K02757	0	7	5	2	7	7
K02760	0	7	3	4	7	7
K02777	0	7	4	3	7	7
K02799	1	6	7	0	7	7
K02813	1	6	7	0	7	7
K02850	4	3	7	0	7	7
K02851	0	7	3	4	7	7
K02854	1	6	7	0	7	7
K02881	2	5	0	7	7	7
K03485	2	5	7	0	7	7
K03487	2	5	7	0	7	7
K03497	3	4	0	7	7	7
K03825	2	5	7	0	7	7
K03755	2	5	7	0	7	7
K03775	5	2	7	0	7	7
K03777	0	7	7	0	7	7
K03782	2	5	7	0	7	7
K03788	3	4	7	0	7	7
K03796	2	5	7	0	7	7
K03799	0	7	6	1	7	7
K03810	2	5	7	0	7	7
K03817	3	4	7	0	7	7
K03819	2	5	7	0	7	7
K03828	3	4	7	0	7	7
K03736	0	7	5	2	7	7
K03838	2	5	7	0	7	7
K03925	0	7	4	3	7	7
K03981	0	7	4	3	7	7
K04016	1	6	7	0	7	7
K04033	0	7	4	3	7	7
K04041	4	3	0	7	7	7
K04042	0	7	6	1	7	7
K04046	2	5	7	0	7	7
K04047	1	6	7	0	7	7
K04068	2	5	0	7	7	7
K03746	1	6	7	0	7	7
K03722	3	4	0	7	7	7
K03502	0	7	4	3	7	7
K03624	2	5	0	7	7	7
K03534	7	0	3	4	7	7
K03555	4	3	0	7	7	7
K03556	4	3	7	0	7	7
K03565	0	7	2	5	7	7
K03569	4	3	0	7	7	7
K03578	0	7	7	0	7	7
K03588	2	5	7	0	7	7
K03591	2	5	7	0	7	7
K03599	2	5	7	0	7	7
K03607	3	4	7	0	7	7
K03631	3	4	7	0	7	7
K03712	2	5	7	0	7	7
K03635	0	7	6	1	7	7
K03643	0	7	7	0	7	7
K03656	2	5	7	0	7	7
K03671	5	2	0	7	7	7
K03675	1	6	7	0	7	7
K03683	3	4	7	0	7	7
K03698	3	4	0	7	7	7
K03700	4	3	0	7	7	7
K03705	0	7	4	3	7	7
K03706	3	4	0	7	7	7
ENOG411241Q	3	4	7	0	7	7
ENOG4111VYM	5	2	0	7	7	7
ENOG4111MTW	2	5	7	0	7	7
ENOG4111FJG	7	0	3	4	7	7
ENOG4111R59	5	2	0	7	7	7
ENOG4111S9B	2	5	0	7	7	7
ENOG4111SNX	4	3	0	7	7	7
ENOG4111STN	4	3	0	7	7	7
ENOG4111TNS	3	4	0	7	7	7
ENOG4111TU1	3	4	0	7	7	7
ENOG4111UBE	5	2	0	7	7	7
ENOG4111US1	5	2	0	7	7	7
ENOG4111VVM	6	1	0	7	7	7
ENOG4111W7E	4	3	0	7	7	7
ENOG4111XTI	1	6	0	7	7	7
ENOG4111ZDW	7	0	5	2	7	7
ENOG411204B	4	3	0	7	7	7
ENOG41120X1	2	5	7	0	7	7
ENOG4112221	2	5	0	7	7	7
ENOG41122AM	5	2	0	7	7	7
ENOG41122W4	0	7	3	4	7	7
ENOG411239P	0	7	3	4	7	7
ENOG41123DH	1	6	0	7	7	7
ENOG41123KQ	2	5	0	7	7	7
ENOG41124TY	3	4	0	7	7	7
ENOG41125XC	4	3	0	7	7	7
ENOG41126S5	1	6	7	0	7	7
ENOG4111R48	3	4	0	7	7	7
ENOG4111R0N	0	7	3	4	7	7
ENOG4111Q4N	5	2	0	7	7	7
ENOG4111IDM	3	4	0	7	7	7
ENOG4111FYK	4	3	0	7	7	7
ENOG4111G02	4	3	0	7	7	7
ENOG4111G27	2	5	7	0	7	7
ENOG4111GBX	4	3	0	7	7	7
ENOG4111GIF	3	4	0	7	7	7
ENOG4111GPI	0	7	5	2	7	7
ENOG4111HB2	5	2	0	7	7	7
ENOG4111HRE	3	4	0	7	7	7
ENOG4111HVH	4	3	0	7	7	7
ENOG4111I0X	6	1	0	7	7	7
ENOG4111J72	5	2	0	7	7	7
ENOG4111P4Z	5	2	0	7	7	7
ENOG4111J8D	4	3	0	7	7	7
ENOG4111J9Z	5	2	0	7	7	7
ENOG4111JC0	7	0	3	4	7	7
ENOG4111JN4	4	3	0	7	7	7
ENOG4111KFQ	4	3	0	7	7	7
ENOG4111KRI	7	0	4	3	7	7
ENOG4111KUD	3	4	0	7	7	7
ENOG4111M5N	4	3	0	7	7	7
ENOG4111NI7	3	4	0	7	7	7
ENOG4111NVG	3	4	0	7	7	7
ENOG41128VI	7	0	4	3	7	7
ENOG41129SD	5	2	0	7	7	7
ENOG4112AQE	7	0	3	4	7	7
ENOG410XY68	3	4	0	7	7	7
ENOG410XU7P	3	4	0	7	7	7
ENOG410XV2J	4	3	0	7	7	7
ENOG410XV65	4	3	0	7	7	7
ENOG410XVIV	5	2	0	7	7	7
ENOG410XVPQ	6	1	0	7	7	7
ENOG410XVQ2	4	3	0	7	7	7
ENOG410XWM3	5	2	0	7	7	7
ENOG410XWV3	3	4	0	7	7	7
ENOG410XX6V	4	3	0	7	7	7
ENOG410XY17	4	3	0	7	7	7
ENOG410XY9G	5	2	0	7	7	7
ENOG410XTK8	7	0	3	4	7	7
ENOG410XYEE	3	4	0	7	7	7
ENOG410XZ45	3	4	0	7	7	7
ENOG410XZUM	5	2	0	7	7	7
ENOG410Y01V	5	2	0	7	7	7
ENOG410Y02D	6	1	0	7	7	7
ENOG410Y12H	4	3	0	7	7	7
ENOG410Y1MD	7	0	6	1	7	7
ENOG410Y2FJ	4	3	0	7	7	7
ENOG410Y2IM	3	4	0	7	7	7
ENOG410Y2QG	3	4	0	7	7	7
ENOG410XTM1	5	2	0	7	7	7
ENOG410XTEX	2	5	0	7	7	7
COG1334	2	5	0	7	7	7
ENOG410XQN3	5	2	0	7	7	7
COG3866	4	3	0	7	7	7
COG3952	7	0	5	2	7	7
COG3972	5	2	0	7	7	7
COG4286	3	4	0	7	7	7
COG4502	4	3	0	7	7	7
COG4797	1	6	7	0	7	7
ENOG410XNTZ	4	3	0	7	7	7
ENOG410XPGH	4	3	0	7	7	7
ENOG410XPR1	4	3	0	7	7	7
ENOG410XPR3	5	2	0	7	7	7
ENOG410XQP6	7	0	3	4	7	7
ENOG410XTC8	7	0	4	3	7	7
ENOG410XQTH	3	4	0	7	7	7
ENOG410XR0J	7	0	1	6	7	7
ENOG410XRI8	5	2	0	7	7	7
ENOG410XRKQ	7	0	3	4	7	7
ENOG410XRWQ	3	4	0	7	7	7
ENOG410XRX3	4	3	0	7	7	7
ENOG410XSEP	6	1	0	7	7	7
ENOG410XSG7	3	4	0	7	7	7
ENOG410XSP4	4	3	0	7	7	7
ENOG410XT2G	3	4	0	7	7	7
ENOG4111FXN	4	3	0	7	7	7
ENOG4111FJD	4	3	0	7	7	7
ENOG410Y44W	3	4	0	7	7	7
ENOG4111F8R	7	0	0	7	7	7
ENOG410XRDV	0	7	7	0	7	7
ENOG410XRGA	5	2	0	7	7	7
ENOG410XS98	5	2	0	7	7	7
ENOG410XSPJ	0	7	5	2	7	7
ENOG410XTKS	3	4	0	7	7	7
ENOG410XU1U	3	4	0	7	7	7
ENOG410XUFC	0	7	2	5	7	7
ENOG410XV06	2	5	0	7	7	7
ENOG410XVGB	0	7	3	4	7	7
ENOG410XVXM	2	5	0	7	7	7
ENOG410XWQI	5	2	0	7	7	7
ENOG410XWY9	0	7	7	0	7	7
ENOG410XXX9	4	3	0	7	7	7
ENOG410XYNB	4	3	0	7	7	7
ENOG410Y1JH	0	7	5	2	7	7
ENOG410Y1QQ	4	3	0	7	7	7
ENOG410Y5DI	0	7	6	1	7	7
ENOG410Y65M	7	0	1	6	7	7
ENOG410Y6W3	4	3	0	7	7	7
ENOG410Y736	5	2	0	7	7	7
ENOG410Y7AI	3	4	7	0	7	7
ENOG410Y8U6	3	4	0	7	7	7
ENOG410Y8YW	2	5	7	0	7	7
ENOG410XR9X	4	3	0	7	7	7
ENOG410XR7P	6	1	0	7	7	7
ENOG410XQNW	0	7	3	4	7	7
COG4124	5	2	0	7	7	7
ENOG4112C08	3	4	7	0	7	7
COG0455	4	3	0	7	7	7
COG1332	4	3	0	7	7	7
COG1567	3	4	0	7	7	7
COG2703	3	4	0	7	7	7
COG3007	3	4	0	7	7	7
COG3224	1	6	7	0	7	7
COG3347	2	5	0	7	7	7
COG3401	3	4	0	7	7	7
COG3864	2	5	7	0	7	7
COG4261	7	0	3	4	7	7
ENOG410XQIS	5	2	7	0	7	7
COG4717	2	5	7	0	7	7
COG5039	4	3	0	7	7	7
COG5361	4	3	0	7	7	7
ENOG410XP8I	2	5	7	0	7	7
ENOG410XPA8	2	5	0	7	7	7
ENOG410XPAZ	7	0	2	5	7	7
ENOG410XPBS	2	5	7	0	7	7
ENOG410XPDS	0	7	7	0	7	7
ENOG410XQ8P	7	0	5	2	7	7
ENOG410XQEM	2	5	7	0	7	7
ENOG410Y926	7	0	3	4	7	7
ENOG410Y93R	3	4	0	7	7	7
ENOG410Y9G0	4	3	0	7	7	7
ENOG410ZVJF	4	3	0	7	7	7
ENOG410ZBRU	5	2	0	7	7	7
ENOG410ZDMZ	3	4	7	0	7	7
ENOG410ZG9V	4	3	0	7	7	7
ENOG410ZJCP	2	5	0	7	7	7
ENOG410ZMVI	0	7	5	2	7	7
ENOG410ZPQY	3	4	0	7	7	7
ENOG410ZR5Z	4	3	0	7	7	7
ENOG410ZRG1	7	0	2	5	7	7
ENOG410ZTTH	5	2	0	7	7	7
ENOG410ZUW0	5	2	7	0	7	7
ENOG410ZW8V	7	0	1	6	7	7
ENOG410Z7CV	5	2	0	7	7	7
ENOG410ZWU1	4	3	0	7	7	7
ENOG410ZXMP	3	4	0	7	7	7
ENOG410ZYQ7	0	7	3	4	7	7
ENOG410ZZ0X	0	7	3	4	7	7
ENOG410ZZ6S	5	2	7	0	7	7
ENOG411004G	0	7	4	3	7	7
ENOG41100NK	5	2	0	7	7	7
ENOG4110P1F	5	2	0	7	7	7
ENOG4110XAM	5	2	0	7	7	7
ENOG4111F8N	7	0	2	5	7	7
ENOG410ZBPX	0	7	5	2	7	7
ENOG410Z78F	7	0	3	4	7	7
ENOG410YA2Z	5	2	0	7	7	7
ENOG410YQWC	3	4	0	7	7	7
ENOG410YA6E	5	2	0	7	7	7
ENOG410YAU0	5	2	0	7	7	7
ENOG410YDBQ	2	5	0	7	7	7
ENOG410YE9Q	4	3	0	7	7	7
ENOG410YEBJ	1	6	0	7	7	7
ENOG410YFSH	4	3	0	7	7	7
ENOG410YJ4K	2	5	7	0	7	7
ENOG410YJ7Q	4	3	7	0	7	7
ENOG410YNW0	5	2	0	7	7	7
ENOG410YNY1	5	2	0	7	7	7
ENOG410YRAB	0	7	5	2	7	7
ENOG410Z6AU	2	5	0	7	7	7
ENOG410YTMJ	5	2	0	7	7	7
ENOG410YTR8	1	6	7	0	7	7
ENOG410YVF8	4	3	0	7	7	7
ENOG410YYHZ	2	5	7	0	7	7
ENOG410YYNW	7	0	4	3	7	7
ENOG410YZJM	5	2	0	7	7	7
ENOG410Z03M	2	5	7	0	7	7
ENOG410Z330	2	5	0	7	7	7
ENOG410Z41R	4	3	0	7	7	7
ENOG410Z5R7	2	5	0	7	7	7
ENOG410Y3AH	3	4	0	7	7	7
ENOG410Y4I7	3	4	0	7	7	7
ENOG4111K16	3	4	0	7	7	7
ENOG4111FTA	2	5	7	0	7	7
ENOG4111UB9	4	3	0	7	7	7
ENOG4111UE5	4	3	0	7	7	7
ENOG4111UR5	4	3	0	7	7	7
ENOG4111UTX	6	1	0	7	7	7
ENOG4111VAV	4	3	0	7	7	7
ENOG4111VB3	3	4	0	7	7	7
ENOG4111VBB	7	0	3	4	7	7
ENOG4111VH8	4	3	0	7	7	7
ENOG4111VI5	6	1	0	7	7	7
ENOG4111WS7	4	3	0	7	7	7
ENOG4111X7D	4	3	0	7	7	7
ENOG4111XFE	5	2	0	7	7	7
ENOG4111XHD	4	3	0	7	7	7
ENOG4111XZR	4	3	0	7	7	7
ENOG4111Y5F	5	2	0	7	7	7
ENOG4111YW5	2	5	0	7	7	7
ENOG4111YWK	4	3	0	7	7	7
ENOG4111ZU2	3	4	0	7	7	7
ENOG4111ZYQ	5	2	0	7	7	7
ENOG4111ZZI	3	4	0	7	7	7
ENOG41120C4	4	3	0	7	7	7
ENOG41120DB	2	5	0	7	7	7
ENOG41120QD	4	3	0	7	7	7
ENOG4111U81	5	2	0	7	7	7
ENOG4111U74	4	3	0	7	7	7
ENOG4111TVG	5	2	0	7	7	7
ENOG4111MX3	4	3	0	7	7	7
ENOG4111GND	4	3	0	7	7	7
ENOG4111GVE	7	0	1	6	7	7
ENOG4111H00	4	3	0	7	7	7
ENOG4111H11	3	4	0	7	7	7
ENOG4111HX8	3	4	0	7	7	7
ENOG4111IJU	4	3	0	7	7	7
ENOG4111IRT	5	2	0	7	7	7
ENOG4111JDN	5	2	0	7	7	7
ENOG4111JKB	4	3	0	7	7	7
ENOG4111MSQ	5	2	0	7	7	7
ENOG4111NNW	3	4	0	7	7	7
ENOG4111TB4	4	3	0	7	7	7
ENOG4111NTE	5	2	0	7	7	7
ENOG4111NUU	5	2	0	7	7	7
ENOG4111P5M	2	5	0	7	7	7
ENOG4111P6W	4	3	0	7	7	7
ENOG4111Q8K	3	4	0	7	7	7
ENOG4111R9E	3	4	0	7	7	7
ENOG4111RP8	4	3	0	7	7	7
ENOG4111RTE	4	3	0	7	7	7
ENOG4111RWT	5	2	0	7	7	7
ENOG4111SU2	7	0	3	4	7	7
ENOG41120UV	4	3	0	7	7	7
ENOG41121WJ	4	3	0	7	7	7
ENOG411228A	7	0	3	4	7	7
ENOG4111P36	0	7	5	2	7	7
ENOG410XWE4	4	3	0	7	7	7
ENOG410XWUM	4	3	0	7	7	7
ENOG410Y3AE	0	7	4	3	7	7
ENOG410Y90V	2	5	7	0	7	7
ENOG410YBJF	0	7	5	2	7	7
ENOG410YXKT	2	5	0	7	7	7
ENOG410Z4FU	2	5	0	7	7	7
ENOG410ZHID	2	5	7	0	7	7
ENOG410ZWMY	3	4	0	7	7	7
ENOG4110WKJ	4	3	0	7	7	7
ENOG4111PTZ	0	7	6	1	7	7
ENOG4112DBJ	5	2	0	7	7	7
ENOG4111RX8	0	7	5	2	7	7
ENOG41120S9	0	7	4	3	7	7
ENOG41122RP	4	3	0	7	7	7
COG4412	6	1	0	7	7	7
COG5620	4	3	0	7	7	7
ENOG410YWDA	5	2	0	7	7	7
ENOG410YYRY	4	3	0	7	7	7
ENOG410Z6GU	4	3	7	0	7	7
ENOG410ZAFM	4	3	0	7	7	7
ENOG410ZHQ3	4	3	0	7	7	7
COG4403	4	3	0	7	7	7
ENOG4112BNG	5	2	0	7	7	7
ENOG411229U	4	3	0	7	7	7
ENOG411261G	5	2	0	7	7	7
ENOG41122GJ	4	3	0	7	7	7
ENOG411230M	5	2	0	7	7	7
ENOG41124PE	4	3	0	7	7	7
ENOG4112522	4	3	0	7	7	7
ENOG41125D6	4	3	0	7	7	7
ENOG41125GB	4	3	0	7	7	7
ENOG41125JT	4	3	0	7	7	7
ENOG41125N3	4	3	0	7	7	7
ENOG41125RF	5	2	0	7	7	7
ENOG41125V3	4	3	0	7	7	7
ENOG4112676	4	3	0	7	7	7
ENOG4112A2A	3	4	0	7	7	7
ENOG41126GD	4	3	0	7	7	7
ENOG41126IB	4	3	0	7	7	7
ENOG411271A	3	4	0	7	7	7
ENOG41127P0	5	2	0	7	7	7
ENOG41127PX	5	2	0	7	7	7
ENOG41127W8	5	2	0	7	7	7
ENOG411280K	5	2	7	0	7	7
ENOG4112857	4	3	0	7	7	7
ENOG41128TJ	7	0	4	3	7	7
ENOG411296X	4	3	0	7	7	7
ENOG4111G9H	5	2	0	7	7	7
ENOG4111F8X	4	3	0	7	7	7
ENOG410Y4NF	5	2	0	7	7	7
ENOG41118QN	3	4	0	7	7	7
ENOG410YF2K	4	3	0	7	7	7
ENOG410YGXY	4	3	0	7	7	7
ENOG410YGYK	4	3	0	7	7	7
ENOG410YHCG	5	2	0	7	7	7
ENOG410YHEK	4	3	0	7	7	7
ENOG410YI7C	4	3	0	7	7	7
ENOG410YI7H	3	4	0	7	7	7
ENOG410YIFJ	0	7	0	7	7	7
ENOG410YK6C	4	3	0	7	7	7
ENOG410YM4C	4	3	0	7	7	7
ENOG410YM68	5	2	0	7	7	7
ENOG410YMQ7	4	3	0	7	7	7
ENOG410YNGB	5	2	0	7	7	7
ENOG410YP2K	6	1	0	7	7	7
ENOG410YQEP	5	2	0	7	7	7
ENOG410YRHR	4	3	0	7	7	7
ENOG410YRV1	5	2	0	7	7	7
ENOG410YSH0	5	2	0	7	7	7
ENOG410YT9M	5	2	0	7	7	7
ENOG410YUF4	3	4	0	7	7	7
ENOG410YUMD	4	3	0	7	7	7
ENOG410YV6W	3	4	0	7	7	7
ENOG410YVDY	4	3	0	7	7	7
ENOG410YEV5	3	4	0	7	7	7
ENOG410YEB8	5	2	0	7	7	7
ENOG410YDVK	5	2	0	7	7	7
ENOG410Y9CY	2	5	0	7	7	7
ENOG410Y61A	3	4	0	7	7	7
ENOG410Y61B	4	3	0	7	7	7
ENOG410Y6JS	5	2	0	7	7	7
ENOG410Y6N4	4	3	0	7	7	7
ENOG410Y6PP	3	4	0	7	7	7
ENOG410Y6T0	3	4	0	7	7	7
ENOG410Y80I	4	3	0	7	7	7
ENOG410Y8MT	5	2	0	7	7	7
ENOG410Y8YV	5	2	0	7	7	7
ENOG410Y9BH	3	4	0	7	7	7
ENOG410Y9J2	5	2	0	7	7	7
ENOG410YDRB	4	3	0	7	7	7
ENOG410YAR1	4	3	0	7	7	7
ENOG410YAVK	2	5	0	7	7	7
ENOG410YAVZ	4	3	0	7	7	7
ENOG410YAYF	4	3	0	7	7	7
ENOG410YBD7	7	0	2	5	7	7
ENOG410YBTJ	5	2	0	7	7	7
ENOG410YBY0	4	3	0	7	7	7
ENOG410YC5Y	4	3	0	7	7	7
ENOG410YCFW	3	4	0	7	7	7
ENOG410YCWB	5	2	0	7	7	7
ENOG410YWW6	4	3	7	0	7	7
ENOG410YX99	5	2	0	7	7	7
ENOG410YXTA	3	4	0	7	7	7
ENOG410ZZXB	2	5	0	7	7	7
ENOG410ZSAC	5	2	0	7	7	7
ENOG410ZTS5	7	0	1	6	7	7
ENOG410ZW9J	4	3	0	7	7	7
ENOG410ZWIY	4	3	0	7	7	7
ENOG410ZX2Q	3	4	0	7	7	7
ENOG410ZXAN	4	3	0	7	7	7
ENOG410ZXHK	4	3	0	7	7	7
ENOG410ZXW8	5	2	0	7	7	7
ENOG410ZY7A	3	4	0	7	7	7
ENOG410ZYVS	5	2	0	7	7	7
ENOG410ZZYY	4	3	0	7	7	7
ENOG410ZR6H	5	2	7	0	7	7
ENOG411001J	4	3	0	7	7	7
ENOG41100C5	5	2	0	7	7	7
ENOG41100UY	4	3	0	7	7	7
ENOG41100V7	5	2	0	7	7	7
ENOG411011U	5	2	0	7	7	7
ENOG41102NG	4	3	0	7	7	7
ENOG41103XH	6	1	0	7	7	7
ENOG4110WT0	5	2	0	7	7	7
ENOG4111228	4	3	0	7	7	7
ENOG41114H6	1	6	7	0	7	7
ENOG410ZRD3	3	4	0	7	7	7
ENOG410ZR3Q	5	2	0	7	7	7
ENOG410Z02K	5	2	0	7	7	7
ENOG410ZDI4	4	3	0	7	7	7
ENOG410Z27T	4	3	7	0	7	7
ENOG410Z2G6	4	3	0	7	7	7
ENOG410Z51W	5	2	0	7	7	7
ENOG410Z5P3	3	4	0	7	7	7
ENOG410Z6F6	4	3	0	7	7	7
ENOG410Z79W	4	3	0	7	7	7
ENOG410Z937	4	3	7	0	7	7
ENOG410Z9WF	5	2	0	7	7	7
ENOG410ZA63	5	2	0	7	7	7
ENOG410ZC5F	5	2	0	7	7	7
ENOG410ZEMC	6	1	7	0	7	7
ENOG410ZQTG	4	3	0	7	7	7
ENOG410ZJPZ	3	4	0	7	7	7
ENOG410ZJR9	4	3	0	7	7	7
ENOG410ZJWK	5	2	0	7	7	7
ENOG410ZK0W	4	3	0	7	7	7
ENOG410ZKES	6	1	7	0	7	7
ENOG410ZKJY	4	3	0	7	7	7
ENOG410ZM3M	5	2	0	7	7	7
ENOG410ZN8Y	2	5	0	7	7	7
ENOG410ZNXT	3	4	0	7	7	7
ENOG410ZQEY	1	6	0	7	7	7
K07658	4	3	0	7	7	7
K07664	1	6	7	0	7	7
K07677	4	3	7	0	7	7
PF06175	2	5	7	0	7	7
PF07696	2	5	7	0	7	7
PF07729	2	5	0	7	7	7
PF07730	0	7	6	1	7	7
PF07732	4	3	7	0	7	7
PF07884	0	7	5	2	7	7
PF07916	0	7	6	1	7	7
PF07992	0	7	4	3	7	7
PF08011	7	0	2	5	7	7
PF08239	3	4	0	7	7	7
PF08267	0	7	5	2	7	7
PF08299	0	7	2	5	7	7
PF08543	0	7	5	2	7	7
PF08681	0	7	3	4	7	7
PF08903	2	5	0	7	7	7
PF08942	6	1	0	7	7	7
PF09186	0	7	3	4	7	7
PF09190	4	3	0	7	7	7
PF09244	0	7	3	4	7	7
PF09261	0	7	4	3	7	7
PF09479	4	3	0	7	7	7
PF09481	0	7	4	3	7	7
PF09601	0	7	7	0	7	7
PF09709	0	7	1	6	7	7
PF07568	0	7	4	3	7	7
PF07521	3	4	0	7	7	7
PF07501	0	7	5	2	7	7
PF06723	5	2	0	7	7	7
PF06180	3	4	0	7	7	7
PF06258	5	2	7	0	7	7
PF06290	2	5	7	0	7	7
PF06368	2	5	7	0	7	7
PF06415	4	3	0	7	7	7
PF06545	2	5	7	0	7	7
PF06551	3	4	7	0	7	7
PF06616	2	5	0	7	7	7
PF06629	1	6	7	0	7	7
PF06674	1	6	7	0	7	7
PF06899	3	4	7	0	7	7
PF07494	7	0	4	3	7	7
PF07085	4	3	7	0	7	7
PF07095	2	5	7	0	7	7
PF07136	2	5	0	7	7	7
PF07148	2	5	7	0	7	7
PF07282	2	5	0	7	7	7
PF07338	2	5	7	0	7	7
PF07356	2	5	7	0	7	7
PF07456	4	3	0	7	7	7
PF07475	4	3	0	7	7	7
PF07479	0	7	5	2	7	7
PF09754	0	7	5	2	7	7
PF09820	5	2	0	7	7	7
PF09821	0	7	5	2	7	7
PF12437	7	0	2	5	7	7
PF11838	0	7	6	1	7	7
PF11924	0	7	6	1	7	7
PF11958	5	2	7	0	7	7
PF11974	4	3	7	0	7	7
PF12010	3	4	0	7	7	7
PF12029	0	7	4	3	7	7
PF12051	3	4	0	7	7	7
PF12215	4	3	0	7	7	7
PF12282	0	7	5	2	7	7
PF12323	4	3	0	7	7	7
PF12687	4	3	0	7	7	7
PF11799	0	7	5	2	7	7
PF12700	4	3	0	7	7	7
PF12704	6	1	0	7	7	7
PF12705	0	7	3	4	7	7
PF12769	0	7	7	0	7	7
PF12795	0	7	6	1	7	7
PF12801	5	2	0	7	7	7
PF12804	3	4	0	7	7	7
PF12945	4	3	0	7	7	7
PF13085	0	7	4	3	7	7
PF13088	0	7	6	1	7	7
PF11806	1	6	7	0	7	7
PF11453	3	4	7	0	7	7
PF09826	3	4	0	7	7	7
PF10938	4	3	7	0	7	7
PF09949	0	7	4	3	7	7
PF09950	2	5	0	7	7	7
PF09994	4	3	7	0	7	7
PF10112	4	3	0	7	7	7
PF10150	0	7	4	3	7	7
PF10437	1	6	7	0	7	7
PF10543	7	0	1	6	7	7
PF10593	3	4	0	7	7	7
PF10611	0	7	5	2	7	7
PF10754	2	5	7	0	7	7
PF10951	6	1	7	0	7	7
PF11452	0	7	5	2	7	7
PF10996	4	3	0	7	7	7
PF11187	0	7	3	4	7	7
PF11193	4	3	0	7	7	7
PF11238	0	7	6	1	7	7
PF11253	0	7	7	0	7	7
PF11268	0	7	5	2	7	7
PF11361	0	7	5	2	7	7
PF11377	0	7	3	4	7	7
PF11392	1	6	7	0	7	7
PF11398	3	4	7	0	7	7
PF06178	0	7	6	1	7	7
PF06103	0	7	4	3	7	7
PF13182	0	7	2	5	7	7
PF06013	0	7	3	4	7	7
PF03006	0	7	6	1	7	7
PF03023	0	7	4	3	7	7
PF03060	4	3	0	7	7	7
PF03065	7	0	2	5	7	7
PF03120	0	7	4	3	7	7
PF03136	0	7	5	2	7	7
PF03144	0	7	5	2	7	7
PF03306	1	6	7	0	7	7
PF03461	0	7	6	1	7	7
PF03462	0	7	1	6	7	7
PF03480	4	3	0	7	7	7
PF03484	0	7	5	2	7	7
PF03486	3	4	0	7	7	7
PF03573	2	5	7	0	7	7
PF03598	2	5	0	7	7	7
PF03609	5	2	7	0	7	7
PF03695	2	5	7	0	7	7
PF03699	0	7	6	1	7	7
PF03710	0	7	6	1	7	7
PF03714	4	3	0	7	7	7
PF03733	0	7	6	1	7	7
PF03741	0	7	7	0	7	7
PF03746	2	5	0	7	7	7
PF02978	0	7	5	2	7	7
PF02952	7	0	1	6	7	7
PF02922	0	7	3	4	7	7
PF02699	0	7	4	3	7	7
PF02586	0	7	3	4	7	7
PF02595	0	7	5	2	7	7
PF02601	0	7	2	5	7	7
PF02609	0	7	5	2	7	7
PF02625	2	5	0	7	7	7
PF02632	1	6	0	7	7	7
PF02639	3	4	0	7	7	7
PF02657	4	3	7	0	7	7
PF02661	0	7	5	2	7	7
PF02685	2	5	7	0	7	7
PF02730	5	2	0	7	7	7
PF02899	0	7	6	1	7	7
PF02739	0	7	4	3	7	7
PF02744	1	6	0	7	7	7
PF02754	2	5	7	0	7	7
PF02767	0	7	5	2	7	7
PF02771	3	4	0	7	7	7
PF02800	0	7	6	1	7	7
PF02826	1	6	7	0	7	7
PF02863	0	7	4	3	7	7
PF02896	0	7	3	4	7	7
PF02897	0	7	6	1	7	7
PF03811	0	7	6	1	7	7
PF03819	2	5	7	0	7	7
PF03887	0	7	4	3	7	7
PF05195	2	5	7	0	7	7
PF04963	4	3	7	0	7	7
PF04977	0	7	5	2	7	7
PF04996	1	6	7	0	7	7
PF04997	0	7	6	1	7	7
PF05015	0	7	6	1	7	7
PF05016	3	4	0	7	7	7
PF05025	0	7	5	2	7	7
PF05031	3	4	0	7	7	7
PF05167	2	5	0	7	7	7
PF05175	0	7	4	3	7	7
PF05222	0	7	6	1	7	7
PF04898	0	7	4	3	7	7
PF05229	4	3	7	0	7	7
PF05231	3	4	7	0	7	7
PF05420	1	6	7	0	7	7
PF05580	3	4	0	7	7	7
PF05594	3	4	7	0	7	7
PF05698	3	4	0	7	7	7
PF05728	0	7	5	2	7	7
PF05762	5	2	0	7	7	7
PF05960	1	6	0	7	7	7
PF05974	2	5	7	0	7	7
PF04952	3	4	0	7	7	7
PF04829	0	7	7	0	7	7
PF03950	4	3	0	7	7	7
PF04216	3	4	7	0	7	7
PF03952	2	5	0	7	7	7
PF03958	1	6	7	0	7	7
PF03961	4	3	0	7	7	7
PF03965	4	3	0	7	7	7
PF03993	1	6	7	0	7	7
PF03994	0	7	6	1	7	7
PF04079	0	7	0	7	7	7
PF04101	0	7	5	2	7	7
PF04107	0	7	4	3	7	7
PF04205	5	2	0	7	7	7
PF04221	0	7	4	3	7	7
PF04632	4	3	7	0	7	7
PF04261	3	4	7	0	7	7
PF04277	3	4	0	7	7	7
PF04365	0	7	4	3	7	7
PF04417	0	7	6	1	7	7
PF04468	5	2	0	7	7	7
PF04472	0	7	4	3	7	7
PF04509	5	2	0	7	7	7
PF04542	4	3	0	7	7	7
PF04560	1	6	0	7	7	7
PF04565	0	7	4	3	7	7
PF13173	0	7	4	3	7	7
PF13196	0	7	4	3	7	7
PF02566	2	5	7	0	7	7
PF03690	6	1	0	7	7	7
PF04513	4	3	0	7	7	7
PF05732	4	3	0	7	7	7
PF07655	0	7	5	2	7	7
PF13468	0	7	3	4	7	7
PF14336	5	2	0	7	7	7
PF03515	3	4	7	0	7	7
PF18823	7	0	4	3	7	7
PF11533	1	6	7	0	7	7
PF01065	0	7	5	2	7	7
PF01691	2	5	7	0	7	7
PF02236	1	6	7	0	7	7
PF03228	2	5	7	0	7	7
PF03910	2	5	7	0	7	7
PF05385	2	5	7	0	7	7
PF09564	5	2	0	7	7	7
k_Bacteria.p_Actinobacteria.c_Actinomycetia.o_Bifidobacteriales.f_Bifidobacteriaceae.g_Bifidobacterium.s_Bifidobacterium.dentium	0	7	5	2	7	7
k_Bacteria.p_Actinobacteria.c_Actinomycetia.o_Bifidobacteriales.f_Bifidobacteriaceae.g_Unclassified.Bifidobacteriaceae.s_Unclassified.Bifidobacteriaceae	0	7	5	2	7	7
k_Bacteria.p_Actinobacteria.c_Actinomycetia.o_Unclassified.Actinomycetia.f_Unclassified.Actinomycetia.g_Unclassified.Actinomycetia.s_Unclassified.Actinomycetia	0	7	3	4	7	7
k_Bacteria.p_Actinobacteria.c_Coriobacteriia.o_Coriobacteriales.f_Coriobacteriaceae.g_Collinsella.s_Collinsella.tanakaei	0	7	5	2	7	7
k_Bacteria.p_Bacteroidetes.c_Bacteroidia.o_Bacteroidales.f_Bacteroidaceae.g_Bacteroides.s_Bacteroides.caccae	4	3	0	7	7	7
k_Bacteria.p_Firmicutes.c_Bacilli.o_Lactobacillales.f_Enterococcaceae.g_Enterococcus.s_Enterococcus.casseliflavus	0	7	7	0	7	7
k_Bacteria.p_Firmicutes.c_Clostridia.o_Clostridia.bacterium..no.order.in.NCBI..f_Clostridia.bacterium..no.family.in.NCBI..g_Clostridia.bacterium..no.genus.in.NCBI..s_Clostridia.bacterium	5	2	0	7	7	7
k_Bacteria.p_Firmicutes.c_Clostridia.o_Eubacteriales.f_Clostridiaceae.g_Butyricicoccus.s_Unclassified.Butyricicoccus	2	5	0	7	7	7
PF18864	4	3	0	7	7	7
PF18838	5	2	0	7	7	7
PF17200	4	3	0	7	7	7
PF16430	2	5	0	7	7	7
PF04556	2	5	0	7	7	7
PF05125	3	4	7	0	7	7
PF05686	5	2	0	7	7	7
PF05693	6	1	0	7	7	7
PF05840	2	5	7	0	7	7
PF13194	7	0	2	5	7	7
PF13479	4	3	0	7	7	7
PF13643	2	5	0	7	7	7
PF14125	6	1	0	7	7	7
PF16160	5	2	0	7	7	7
PF16480	4	3	0	7	7	7
PF16888	2	5	0	7	7	7
PF17161	5	2	0	7	7	7
PF18906	2	5	7	0	7	7
PF19727	5	2	0	7	7	7
PF19755	6	1	0	7	7	7
PF03457	4	3	0	7	7	7
PF06452	5	2	0	7	7	7
PF06537	7	0	4	3	7	7
PF11283	3	4	7	0	7	7
PF12995	3	4	0	7	7	7
PF14294	6	1	0	7	7	7
k_Bacteria.p_Firmicutes.c_Clostridia.o_Eubacteriales.f_Clostridiaceae.g_Clostridium.s_Clostridium.carnis	3	4	7	0	7	7
k_Bacteria.p_Firmicutes.c_Clostridia.o_Eubacteriales.f_Clostridiaceae.g_Hungatella.s_Hungatella.effluvii	4	3	0	7	7	7
k_Bacteria.p_Firmicutes.c_Clostridia.o_Eubacteriales.f_Eubacteriaceae.g_Eubacterium.s_Eubacterium.callanderi	3	4	0	7	7	7
k_Bacteria.p_Firmicutes.c_Clostridia.o_Eubacteriales.f_Neglecta..no.family.in.NCBI..g_Neglecta.s_Neglecta.timonensis	5	2	0	7	7	7
k_Bacteria.p_Firmicutes.c_Clostridia.o_Eubacteriales.f_Gemmiger..no.family.in.NCBI..g_Gemmiger.s_Gemmiger.formicilis	4	3	0	7	7	7
k_Bacteria.p_Firmicutes.c_Clostridia.o_Eubacteriales.f_Oscillospiraceae.g_Neobittarella.s_Neobittarella.massiliensis	4	3	0	7	7	7
k_Bacteria.p_Firmicutes.c_Clostridia.o_Eubacteriales.f_Oscillospiraceae.g_Phocea.s_Unclassified.Phocea	4	3	0	7	7	7
k_Bacteria.p_Firmicutes.c_Clostridia.o_Eubacteriales.f_Oscillospiraceae.g_Subdoligranulum.s_Subdoligranulum.sp.	2	5	0	7	7	7
k_Bacteria.p_Firmicutes.c_Erysipelotrichia.o_Erysipelotrichales.f_Erysipelotrichaceae.g_Erysipelatoclostridium.s_Erysipelatoclostridium.sp.	5	2	0	7	7	7
k_Bacteria.p_Proteobacteria.c_Alphaproteobacteria.o_Rhodospirillales.f_Azospirillaceae.g_Azospirillum.s_Unclassified.Azospirillum	5	2	0	7	7	7
k_Bacteria.p_Proteobacteria.c_Betaproteobacteria.o_Burkholderiales.f_Sutterellaceae.g_Parasutterella.s_Unclassified.Parasutterella	5	2	0	7	7	7
k_Bacteria.p_Proteobacteria.c_Betaproteobacteria.o_Burkholderiales.f_Unclassified.Burkholderiales.g_Unclassified.Burkholderiales.s_Unclassified.Burkholderiales	3	4	0	7	7	7
k_Bacteria.p_Actinobacteria.c_Coriobacteriia.o_Eggerthellales.f_Eggerthellaceae.g_Slackia.s_Slackia.piriformis	3	4	0	7	7	7
k_Bacteria.p_Firmicutes.c_Clostridia.o_Eubacteriales.f_Clostridiaceae.g_Clostridium.s_Clostridium.saudiense	2	5	0	7	7	7
k_Bacteria.p_Firmicutes.c_Clostridia.o_Eubacteriales.f_Oscillospiraceae.g_Acutalibacter.s_Unclassified.Acutalibacter	3	4	0	7	7	7
k_Bacteria.p_Firmicutes.c_Bacilli.o_Lactobacillales.f_Lactobacillaceae.g_Lacticaseibacillus.s_Lacticaseibacillus.rhamnosus	4	3	0	7	7	7
k_Bacteria.p_Firmicutes.c_Clostridia.o_Eubacteriales.f_Oscillospiraceae.g_Massilimaliae.s_Unclassified.Massilimaliae	5	2	0	7	7	7
k_Bacteria.p_Chlamydiae.c_Chlamydiia.o_Chlamydiales.f_Chlamydiaceae.g_Chlamydia.s_Chlamydia.trachomatis	3	4	0	7	7	7
k_Bacteria.p_Firmicutes.c_Clostridia.o_Eubacteriales.f_Clostridiaceae.g_Butyricicoccus.s_Butyricicoccus.faecihominis	3	4	0	7	7	7
k_Bacteria.p_Firmicutes.c_Clostridia.o_Eubacteriales.f_Oscillospiraceae.g_Anaerotruncus.s_Anaerotruncus.sp.	5	2	0	7	7	7
k_Bacteria.p_Firmicutes.c_Erysipelotrichia.o_Erysipelotrichales.f_Erysipelotrichaceae.g_Holdemania.s_Holdemania.sp.	5	2	0	7	7	7
k_Bacteria.p_Firmicutes.c_Negativicutes.o_Selenomonadales.f_Selenomonadaceae.g_Megamonas.s_Megamonas.funiformis	5	2	0	7	7	7
k_Bacteria.p_Candidatus.Melainabacteria.c_Candidatus.Gastranaerophilales..no.class.in.NCBI..o_Candidatus.Gastranaerophilales.f_Candidatus.Gastranaerophilales.bacterium..no.family.in.NCBI..g_Candidatus.Gastranaerophilales.bacterium..no.genus.in.NCBI..s_Candidatus.Gastranaerophilales.bacterium	2	5	0	7	7	7
k_Bacteria.p_Firmicutes.c_Clostridia.o_Eubacteriales.f_Oscillospiraceae.g_Monoglobus.s_Unclassified.Monoglobus	3	4	0	7	7	7
k_Bacteria.p_Firmicutes.c_Clostridia.o_Eubacteriales.f_Oscillospiraceae.g_Hydrogeniiclostidium.s_Hydrogeniiclostidium.mannosilyticum	5	2	0	7	7	7
k_Bacteria.p_Proteobacteria.c_Betaproteobacteria.o_Burkholderiales.f_Sutterellaceae.g_Sutterella.s_Sutterella.sp.	4	3	0	7	7	7
k_Bacteria.p_Firmicutes.c_Clostridia.o_Eubacteriales.f_Clostridiaceae.g_Butyricicoccus.s_Butyricicoccus.sp.	3	4	0	7	7	7
k_Bacteria.p_Firmicutes.c_Clostridia.o_Eubacteriales.f_Oscillospiraceae.g_Ruminococcus.s_Ruminococcus.bromii	1	6	0	7	7	7
k_Bacteria.p_Firmicutes.c_Clostridia.o_Eubacteriales.f_Eubacteriaceae.g_Eubacterium.s_Eubacterium.ramulus	3	4	0	7	7	7
k_Bacteria.p_Firmicutes.c_Erysipelotrichia.o_Erysipelotrichales.f_Erysipelotrichaceae.g_Massilimicrobiota.s_Massilimicrobiota.timonensis	4	3	7	0	7	7
k_Bacteria.p_Firmicutes.c_Clostridia.o_Eubacteriales.f_Lachnospiraceae.g_Anaerobutyricum.s_Anaerobutyricum.hallii	3	4	0	7	7	7
k_Bacteria.p_Firmicutes.c_Clostridia.o_Eubacteriales.f_Lachnospiraceae.g_Blautia.s_Blautia.luti	3	4	0	7	7	7
k_Bacteria.p_Firmicutes.c_Clostridia.o_Eubacteriales.f_Lachnospiraceae.g_Dorea.s_Dorea.sp.	4	3	0	7	7	7
k_Bacteria.p_Firmicutes.c_Clostridia.o_Eubacteriales.f_Lachnospiraceae.g_Roseburia.s_Roseburia.intestinalis	4	3	0	7	7	7
k_Bacteria.p_Firmicutes.c_Clostridia.o_Eubacteriales.f_Oscillospiraceae.g_Agathobaculum.s_Agathobaculum.desmolans	5	2	0	7	7	7
k_Bacteria.p_Firmicutes.c_Clostridia.o_Eubacteriales.f_Oscillospiraceae.g_Anaeromassilibacillus.s_Unclassified.Anaeromassilibacillus	4	3	0	7	7	7
k_Bacteria.p_Firmicutes.c_Clostridia.o_Eubacteriales.f_Oscillospiraceae.g_Faecalibacterium.s_Unclassified.Faecalibacterium	4	3	0	7	7	7
k_Bacteria.p_Firmicutes.c_Clostridia.o_Eubacteriales.f_Oscillospiraceae.g_Hydrogeniiclostidium.s_Unclassified.Hydrogeniiclostidium	4	3	0	7	7	7
k_Bacteria.p_Firmicutes.c_Clostridia.o_Eubacteriales.f_Peptostreptococcaceae.g_Romboutsia.s_Unclassified.Romboutsia	4	3	0	7	7	7
k_Bacteria.p_Firmicutes.c_Clostridia.o_Eubacteriales.f_Peptostreptococcaceae.g_Unclassified.Peptostreptococcaceae.s_Unclassified.Peptostreptococcaceae	3	4	0	7	7	7
k_Bacteria.p_Firmicutes.c_Erysipelotrichia.o_Erysipelotrichales.f_Erysipelotrichaceae.g_Massilimicrobiota.s_Unclassified.Massilimicrobiota	3	4	0	7	7	7
k_Bacteria.p_Firmicutes.c_Clostridia.o_Eubacteriales.f_Lachnospiraceae.g_.Eubacterium..rectale..no.genus.in.NCBI..s_.Eubacterium..rectale	4	3	0	7	7	7
k_Bacteria.p_Proteobacteria.c_Gammaproteobacteria.o_Enterobacterales.f_Enterobacteriaceae.g_Enterobacter.s_Enterobacter.cloacae	1	6	7	0	7	7
k_Bacteria.p_Proteobacteria.c_Gammaproteobacteria.o_Enterobacterales.f_Enterobacteriaceae.g_Klebsiella.s_Klebsiella.grimontii	1	6	7	0	7	7
k_Bacteria.p_Proteobacteria.c_Gammaproteobacteria.o_Enterobacterales.f_Enterobacteriaceae.g_Klebsiella.s_Klebsiella.pneumoniae	2	5	7	0	7	7
k_Bacteria.p_Proteobacteria.c_Gammaproteobacteria.o_Enterobacterales.f_Enterobacteriaceae.g_Salmonella.enterica..no.genus.in.NCBI..s_Salmonella.enterica	0	7	3	4	7	7
k_Bacteria.p_Actinobacteria.c_Coriobacteriia.o_Eggerthellales.f_Eggerthellaceae.g_Gordonibacter.s_Gordonibacter.urolithinfaciens	4	3	0	7	7	7
k_Bacteria.p_Actinobacteria.c_Coriobacteriia.o_Eggerthellales.f_Eggerthellaceae.g_Gordonibacter.s_Unclassified.Gordonibacter	3	4	0	7	7	7
k_Bacteria.p_Bacteroidetes.c_Bacteroidia.o_Bacteroidales.f_Bacteroidaceae.g_Bacteroides.s_Bacteroides.uniformis	6	1	0	7	7	7
k_Bacteria.p_Firmicutes.c_Bacilli.o_Lactobacillales.f_Lactobacillaceae.g_Leuconostoc.s_Unclassified.Leuconostoc	3	4	0	7	7	7
k_Bacteria.p_Firmicutes.c_Clostridia.o_Eubacteriales.f_Lachnospiraceae.g_Mediterraneibacter.s_Mediterraneibacter.faecis	2	5	0	7	7	7
k_Bacteria.p_Firmicutes.c_Clostridia.o_Eubacteriales.f_Lachnospiraceae.g_Roseburia.s_Roseburia.sp.	3	4	0	7	7	7
PF03885	3	4	0	7	7	7
PF02342	5	2	0	7	7	7
PF13207	0	7	6	1	7	7
PF00240	4	3	0	7	7	7
PF13700	0	7	6	1	7	7
PF13742	5	2	0	7	7	7
PF13782	4	3	0	7	7	7
PF13786	3	4	0	7	7	7
PF13791	3	4	0	7	7	7
PF13808	4	3	0	7	7	7
PF13847	3	4	0	7	7	7
PF13954	3	4	7	0	7	7
PF14029	0	7	6	1	7	7
PF14187	3	4	7	0	7	7
PF14191	4	3	0	7	7	7
PF14195	5	2	0	7	7	7
PF14198	3	4	0	7	7	7
PF14270	5	2	0	7	7	7
PF14277	4	3	0	7	7	7
PF14437	3	4	0	7	7	7
PF14490	3	4	0	7	7	7
PF14527	1	6	0	7	7	7
PF14561	0	7	4	3	7	7
PF14572	5	2	7	0	7	7
PF14602	0	7	5	2	7	7
PF14622	0	7	5	2	7	7
PF14789	0	7	4	3	7	7
PF13635	0	7	2	5	7	7
PF13623	3	4	7	0	7	7
PF13556	4	3	0	7	7	7
PF13378	0	7	6	1	7	7
PF13224	0	7	3	4	7	7
PF13228	0	7	3	4	7	7
PF13262	0	7	4	3	7	7
PF13308	4	3	0	7	7	7
PF13313	3	4	7	0	7	7
PF13344	0	7	2	5	7	7
PF13346	0	7	2	5	7	7
PF13354	1	6	0	7	7	7
PF13356	0	7	5	2	7	7
PF13377	0	7	5	2	7	7
PF13397	0	7	4	3	7	7
PF13550	0	7	6	1	7	7
PF13399	1	6	7	0	7	7
PF13414	7	0	6	1	7	7
PF13420	4	3	0	7	7	7
PF13433	0	7	2	5	7	7
PF13473	1	6	7	0	7	7
PF13487	3	4	0	7	7	7
PF13503	2	5	7	0	7	7
PF13522	0	7	1	6	7	7
PF13540	5	2	0	7	7	7
PF13549	0	7	6	1	7	7
PF14801	0	7	5	2	7	7
PF15714	4	3	0	7	7	7
PF15976	2	5	7	0	7	7
PF18982	4	3	0	7	7	7
PF18451	0	7	5	2	7	7
PF18537	4	3	0	7	7	7
PF18541	4	3	0	7	7	7
PF18560	2	5	0	7	7	7
PF18789	5	2	0	7	7	7
PF18840	2	5	0	7	7	7
PF18939	7	0	5	2	7	7
PF18959	0	7	7	0	7	7
PF18960	2	5	0	7	7	7
PF18978	5	2	0	7	7	7
PF18986	0	7	4	3	7	7
PF18202	2	5	0	7	7	7
PF18989	4	3	0	7	7	7
PF19289	4	3	7	0	7	7
PF19300	0	7	3	4	7	7
PF19310	2	5	7	0	7	7
PF19516	0	7	4	3	7	7
PF19576	5	2	7	0	7	7
PF19845	0	7	2	5	7	7
PF19924	2	5	7	0	7	7
PF20030	3	4	7	0	7	7
PF20070	0	7	4	3	7	7
PF18395	4	3	0	7	7	7
PF18144	4	3	0	7	7	7
PF16073	0	7	5	2	7	7
PF16933	0	7	4	3	7	7
PF16163	3	4	0	7	7	7
PF16197	2	5	7	0	7	7
PF16269	7	0	4	3	7	7
PF16359	3	4	7	0	7	7
PF16364	0	7	1	6	7	7
PF16403	0	7	3	4	7	7
PF16576	5	2	7	0	7	7
PF16653	3	4	0	7	7	7
PF16820	7	0	2	5	7	7
PF16822	4	3	0	7	7	7
PF16957	2	5	7	0	7	7
PF18094	0	7	3	4	7	7
PF16967	3	4	7	0	7	7
PF17137	7	0	2	5	7	7
PF17151	3	4	7	0	7	7
PF17154	1	6	7	0	7	7
PF17191	5	2	0	7	7	7
PF17287	1	6	7	0	7	7
PF17820	6	1	0	7	7	7
PF17844	0	7	6	1	7	7
PF17954	5	2	7	0	7	7
PF17989	2	5	0	7	7	7
PF02583	0	7	1	6	7	7
PF02551	0	7	5	2	7	7
K07684	2	5	7	0	7	7
K12543	3	4	7	0	7	7
K13888	0	7	6	1	7	7
K13918	4	3	7	0	7	7
K13928	1	6	7	0	7	7
K13930	1	6	7	0	7	7
K13933	3	4	7	0	7	7
K13940	0	7	4	3	7	7
K13954	2	5	0	7	7	7
K14061	3	4	7	0	7	7
K14287	0	7	6	1	7	7
K14348	3	4	7	0	7	7
K14588	3	4	7	0	7	7
K14742	6	1	0	7	7	7
K14744	3	4	7	0	7	7
K14762	2	5	7	0	7	7
K15023	4	3	0	7	7	7
K15034	3	4	7	0	7	7
K15125	3	4	7	0	7	7
K15268	1	6	7	0	7	7
K15396	2	5	7	0	7	7
K15534	4	3	0	7	7	7
K15539	1	6	7	0	7	7
K15540	2	5	7	0	7	7
K15545	1	6	7	0	7	7
K13874	2	5	7	0	7	7
K13853	3	4	0	7	7	7
K13795	1	6	7	0	7	7
K13052	4	3	0	7	7	7
K12660	2	5	7	0	7	7
K12661	0	7	7	0	7	7
K12941	3	4	0	7	7	7
K12945	3	4	7	0	7	7
K12952	1	6	7	0	7	7
K12962	2	5	7	0	7	7
K12985	1	6	7	0	7	7
K12995	2	5	7	0	7	7
K12999	3	4	0	7	7	7
K13014	2	5	7	0	7	7
K13063	4	3	7	0	7	7
K13787	0	7	5	2	7	7
K13243	3	4	7	0	7	7
K13408	0	7	7	0	7	7
K13498	0	7	4	3	7	7
K13525	0	7	7	0	7	7
K13574	0	7	7	0	7	7
K13634	1	6	7	0	7	7
K13637	4	3	7	0	7	7
K13643	3	4	7	0	7	7
K13684	2	5	7	0	7	7
K13745	2	5	7	0	7	7
K15547	0	7	5	2	7	7
K15550	0	7	5	2	7	7
K15581	0	7	3	4	7	7
K18673	0	7	5	2	7	7
K16784	0	7	6	1	7	7
K16927	3	4	0	7	7	7
K16959	0	7	6	1	7	7
K17214	0	7	4	3	7	7
K17235	5	2	0	7	7	7
K17242	3	4	0	7	7	7
K17463	4	3	7	0	7	7
K17686	0	7	3	4	7	7
K18446	3	4	7	0	7	7
K18478	2	5	7	0	7	7
K18778	0	7	5	2	7	7
K16698	4	3	0	7	7	7
K18899	2	5	7	0	7	7
K18907	0	7	5	2	7	7
K19158	2	5	7	0	7	7
K19164	0	7	4	3	7	7
K19168	2	5	7	0	7	7
K19221	2	5	7	0	7	7
K19227	0	7	5	2	7	7
K19228	2	5	7	0	7	7
K19236	2	5	7	0	7	7
K19337	2	5	7	0	7	7
K16783	0	7	5	2	7	7
K16326	2	5	7	0	7	7
K15586	2	5	7	0	7	7
K16089	4	3	7	0	7	7
K15600	0	7	2	5	7	7
K15711	0	7	5	2	7	7
K15721	0	7	6	1	7	7
K15832	2	5	7	0	7	7
K15975	4	3	7	0	7	7
K15986	4	3	0	7	7	7
K16052	1	6	7	0	7	7
K16053	7	0	4	3	7	7
K16074	0	7	7	0	7	7
K16076	0	7	5	2	7	7
K16091	4	3	7	0	7	7
K16324	0	7	6	1	7	7
K16137	0	7	5	2	7	7
K16139	0	7	7	0	7	7
K16147	0	7	4	3	7	7
K16209	0	7	3	4	7	7
K16210	0	7	4	3	7	7
K16264	0	7	7	0	7	7
K16291	1	6	7	0	7	7
K16301	0	7	7	0	7	7
K16321	4	3	7	0	7	7
K16322	0	7	6	1	7	7
K12574	3	4	0	7	7	7
K12519	1	6	7	0	7	7
K19421	3	4	0	7	7	7
K12370	2	5	7	0	7	7
K08475	3	4	7	0	7	7
K08483	3	4	0	7	7	7
K08484	2	5	7	0	7	7
K08600	4	3	0	7	7	7
K08659	0	7	4	3	7	7
K08723	3	4	7	0	7	7
K08884	3	4	0	7	7	7
K09009	0	7	6	1	7	7
K09016	4	3	7	0	7	7
K09018	0	7	7	0	7	7
K09117	7	0	3	4	7	7
K09118	0	7	6	1	7	7
K09161	0	7	7	0	7	7
K09181	6	1	7	0	7	7
K09456	1	6	7	0	7	7
K09477	0	7	5	2	7	7
K09688	1	6	7	0	7	7
K09692	0	7	3	4	7	7
K09766	3	4	0	7	7	7
K09781	0	7	6	1	7	7
K09787	4	3	0	7	7	7
K09793	7	0	5	2	7	7
K09798	0	7	7	0	7	7
K08372	0	7	4	3	7	7
K08326	2	5	7	0	7	7
K08316	0	7	5	2	7	7
K07813	4	3	0	7	7	7
K07686	0	7	7	0	7	7
K07690	2	5	7	0	7	7
K07700	2	5	7	0	7	7
K07710	4	3	7	0	7	7
K07715	2	5	7	0	7	7
K07738	0	7	5	2	7	7
K07751	1	6	7	0	7	7
K07781	3	4	7	0	7	7
K07782	2	5	7	0	7	7
K07811	1	6	7	0	7	7
K07821	0	7	6	1	7	7
K08304	0	7	6	1	7	7
K08094	0	7	5	2	7	7
K08154	3	4	7	0	7	7
K08163	2	5	7	0	7	7
K08167	2	5	7	0	7	7
K08177	0	7	6	1	7	7
K08225	3	4	7	0	7	7
K08279	1	6	7	0	7	7
K08296	0	7	5	2	7	7
K08297	3	4	7	0	7	7
K08300	0	7	4	3	7	7
K09803	0	7	5	2	7	7
K09807	2	5	7	0	7	7
K09824	3	4	7	0	7	7
K11749	7	0	3	4	7	7
K11075	3	4	7	0	7	7
K11183	2	5	7	0	7	7
K11201	0	7	7	0	7	7
K11203	3	4	7	0	7	7
K11250	2	5	7	0	7	7
K11263	0	7	3	4	7	7
K11472	2	5	7	0	7	7
K11517	4	3	0	7	7	7
K11533	0	7	6	1	7	7
K11732	4	3	7	0	7	7
K11905	4	3	7	0	7	7
K10939	2	5	7	0	7	7
K11930	1	6	7	0	7	7
K11963	0	7	6	1	7	7
K12058	0	7	5	2	7	7
K12059	0	7	4	3	7	7
K12112	0	7	5	2	7	7
K12132	0	7	3	4	7	7
K12267	0	7	5	2	7	7
K12288	1	6	7	0	7	7
K12289	2	5	7	0	7	7
K12368	2	5	7	0	7	7
K11050	3	4	0	7	7	7
K10914	0	7	7	0	7	7
K09857	2	5	7	0	7	7
K10111	1	6	7	0	7	7
K09889	3	4	7	0	7	7
K09897	1	6	7	0	7	7
K09914	2	5	7	0	7	7
K09972	2	5	7	0	7	7
K09974	2	5	7	0	7	7
K10007	0	7	5	2	7	7
K10015	1	6	7	0	7	7
K10036	1	6	7	0	7	7
K10041	5	2	0	7	7	7
K10108	3	4	7	0	7	7
K10118	0	7	3	4	7	7
K10800	4	3	7	0	7	7
K10125	0	7	6	1	7	7
K10189	4	3	0	7	7	7
K10202	3	4	0	7	7	7
K10231	0	7	1	6	7	7
K10537	1	6	7	0	7	7
K10544	0	7	5	2	7	7
K10560	2	5	7	0	7	7
K10710	4	3	0	7	7	7
K10794	3	4	0	7	7	7
K10795	3	4	0	7	7	7
K19353	1	6	7	0	7	7
K19585	0	7	6	1	7	7
PF02537	0	7	7	0	7	7
PF00456	1	6	7	0	7	7
PF00986	0	7	3	4	7	7
PF01016	0	7	4	3	7	7
PF01027	0	7	5	2	7	7
PF01040	0	7	4	3	7	7
PF01042	1	6	7	0	7	7
PF01078	0	7	4	3	7	7
PF01132	0	7	4	3	7	7
PF01161	1	6	7	0	7	7
PF01168	0	7	5	2	7	7
PF01197	0	7	5	2	7	7
PF01227	1	6	7	0	7	7
PF01229	4	3	0	7	7	7
PF01255	0	7	5	2	7	7
PF01293	4	3	0	7	7	7
PF01295	2	5	7	0	7	7
PF01300	0	7	5	2	7	7
PF01306	0	7	4	3	7	7
PF01381	2	5	0	7	7	7
PF01409	0	7	4	3	7	7
PF01424	0	7	2	5	7	7
PF01435	0	7	6	1	7	7
PF01450	0	7	4	3	7	7
PF01451	0	7	3	4	7	7
PF00893	3	4	7	0	7	7
PF00892	0	7	3	4	7	7
PF00860	0	7	4	3	7	7
PF00591	0	7	4	3	7	7
PF00478	0	7	4	3	7	7
PF00482	0	7	3	4	7	7
PF00496	0	7	4	3	7	7
PF00501	0	7	5	2	7	7
PF00528	2	5	7	0	7	7
PF00529	3	4	7	0	7	7
PF00532	0	7	6	1	7	7
PF00549	0	7	6	1	7	7
PF00565	3	4	7	0	7	7
PF00590	3	4	0	7	7	7
PF00636	0	7	4	3	7	7
PF00842	2	5	7	0	7	7
PF00673	0	7	4	3	7	7
PF00676	5	2	7	0	7	7
PF00679	3	4	0	7	7	7
PF00684	0	7	3	4	7	7
PF00696	1	6	0	7	7	7
PF00800	0	7	6	1	7	7
PF00814	0	7	3	4	7	7
PF00825	0	7	4	3	7	7
PF00830	0	7	6	1	7	7
PF00831	0	7	5	2	7	7
PF01475	3	4	0	7	7	7
PF01502	0	7	5	2	7	7
PF01545	0	7	6	1	7	7
PF02233	0	7	5	2	7	7
PF01992	4	3	0	7	7	7
PF02021	0	7	5	2	7	7
PF02028	1	6	7	0	7	7
PF02036	2	5	7	0	7	7
PF02075	0	7	4	3	7	7
PF02110	0	7	4	3	7	7
PF02130	2	5	7	0	7	7
PF02132	0	7	4	3	7	7
PF02152	0	7	6	1	7	7
PF02153	0	7	3	4	7	7
PF02264	2	5	7	0	7	7
PF01925	0	7	4	3	7	7
PF02272	3	4	0	7	7	7
PF02275	3	4	0	7	7	7
PF02277	2	5	0	7	7	7
PF02368	4	3	0	7	7	7
PF02378	3	4	7	0	7	7
PF02387	2	5	7	0	7	7
PF02390	0	7	4	3	7	7
PF02401	2	5	7	0	7	7
PF02447	3	4	7	0	7	7
PF02511	5	2	0	7	7	7
PF01985	0	7	6	1	7	7
PF01867	0	7	6	1	7	7
PF01565	3	4	7	0	7	7
PF01717	0	7	4	3	7	7
PF01593	0	7	4	3	7	7
PF01612	2	5	7	0	7	7
PF01625	3	4	7	0	7	7
PF01645	0	7	3	4	7	7
PF01648	0	7	5	2	7	7
PF01653	0	7	4	3	7	7
PF01678	3	4	0	7	7	7
PF01687	0	7	3	4	7	7
PF01704	0	7	6	1	7	7
PF01713	4	3	0	7	7	7
PF01725	0	7	3	4	7	7
PF01841	0	7	4	3	7	7
PF01743	0	7	4	3	7	7
PF01746	0	7	2	5	7	7
PF01758	0	7	2	5	7	7
PF01765	0	7	6	1	7	7
PF01774	1	6	0	7	7	7
PF01795	0	7	6	1	7	7
PF01797	4	3	0	7	7	7
PF01815	2	5	7	0	7	7
PF01817	0	7	2	5	7	7
PF01820	0	7	4	3	7	7
PF00471	0	7	2	5	7	7
PF00440	0	7	6	1	7	7
K19697	4	3	7	0	7	7
PF00389	1	6	7	0	7	7
K22226	5	2	7	0	7	7
K22270	1	6	7	0	7	7
K22397	0	7	3	4	7	7
K00209	5	2	0	7	7	7
K01841	4	3	0	7	7	7
K05795	4	3	0	7	7	7
K05836	2	5	7	0	7	7
K06310	3	4	0	7	7	7
K06903	1	6	7	0	7	7
K07168	3	4	7	0	7	7
K07450	0	7	3	4	7	7
K07469	4	3	0	7	7	7
K09123	4	3	0	7	7	7
K09770	3	4	0	7	7	7
K09797	7	0	4	3	7	7
K12997	3	4	0	7	7	7
K14057	3	4	7	0	7	7
K15894	5	2	0	7	7	7
K19075	4	3	0	7	7	7
K19090	5	2	0	7	7	7
K19139	4	3	0	7	7	7
K19140	3	4	0	7	7	7
K19180	2	5	0	7	7	7
K22130	4	3	7	0	7	7
K22014	1	6	7	0	7	7
K22010	0	7	2	5	7	7
K21021	3	4	7	0	7	7
K19775	2	5	7	0	7	7
K19810	0	7	6	1	7	7
K20118	3	4	0	7	7	7
K20263	1	6	7	0	7	7
K20459	2	5	0	7	7	7
K20487	1	6	0	7	7	7
K20488	1	6	0	7	7	7
K20492	2	5	0	7	7	7
K20881	2	5	7	0	7	7
K21012	0	7	3	4	7	7
K21085	2	5	7	0	7	7
K21973	2	5	7	0	7	7
K21089	1	6	7	0	7	7
K21470	2	5	7	0	7	7
K21600	0	7	3	4	7	7
K21602	2	5	7	0	7	7
K21636	2	5	0	7	7	7
K21695	0	7	7	0	7	7
K21742	2	5	7	0	7	7
K21903	2	5	0	7	7	7
K21905	3	4	7	0	7	7
K21965	4	3	7	0	7	7
K19431	3	4	0	7	7	7
K21030	4	3	0	7	7	7
K21350	2	5	0	7	7	7
PF00230	0	7	4	3	7	7
PF00107	1	6	7	0	7	7
PF00117	0	7	4	3	7	7
PF00154	3	4	7	0	7	7
PF00171	0	7	6	1	7	7
PF00177	0	7	3	4	7	7
PF00182	1	6	7	0	7	7
PF00186	0	7	6	1	7	7
PF00204	1	6	7	0	7	7
PF00205	0	7	3	4	7	7
PF00213	0	7	2	5	7	7
PF00239	3	4	0	7	7	7
PF00078	6	1	0	7	7	7
PF00248	0	7	5	2	7	7
PF00276	0	7	5	2	7	7
PF00294	0	7	5	2	7	7
PF00296	0	7	5	2	7	7
PF00324	0	7	6	1	7	7
PF00331	5	2	0	7	7	7
PF00338	0	7	5	2	7	7
PF00347	0	7	2	5	7	7
PF00358	0	7	3	4	7	7
PF00384	0	7	4	3	7	7
PF00079	0	7	3	4	7	7
PF00072	4	3	0	7	7	7
K22103	3	4	0	7	7	7
K12138	3	4	0	7	7	7
K22227	5	2	0	7	7	7
K00972	4	3	0	7	7	7
K03388	5	2	0	7	7	7
K03389	4	3	0	7	7	7
K05711	4	3	7	0	7	7
K05967	5	2	0	7	7	7
K06331	3	4	0	7	7	7
K09469	5	2	0	7	7	7
K09939	7	0	3	4	7	7
K11332	3	4	0	7	7	7
K15835	1	6	7	0	7	7
PF00027	1	6	7	0	7	7
K16937	6	1	0	7	7	7
K18530	0	7	4	3	7	7
K19336	1	6	7	0	7	7
K21140	2	5	0	7	7	7
K03204	0	7	5	2	7	7
K12204	0	7	6	1	7	7
K12213	0	7	4	3	7	7
K15898	5	2	0	7	7	7
K01236	4	3	7	0	7	7
PF00006	4	3	0	7	7	7
ENOG4112BQQ	0	7	5	2	7	7
ENOG4112BJ0	4	3	0	7	7	7
ENOG4112AYX	7	0	4	3	7	7
P_LP.1051	2	5	7	0	7	7
P_LP.1244	4	3	7	0	7	7
P_LP.1258	4	3	7	0	7	7
P_LP.1259	1	6	7	0	7	7
P_LP.1267	4	3	7	0	7	7
P_LP.127	0	7	5	2	7	7
P_LP.1291	2	5	7	0	7	7
P_LP.1296	4	3	7	0	7	7
P_LP.1310	2	5	7	0	7	7
P_LP.1344	1	6	7	0	7	7
P_LP.1349	0	7	6	1	7	7
P_LP.1369	4	3	7	0	7	7
P_LP.1371	4	3	0	7	7	7
P_LP.1403	5	2	0	7	7	7
P_LP.1416	4	3	0	7	7	7
P_LP.146	7	0	5	2	7	7
P_LP.1460	4	3	7	0	7	7
P_LP.1464	2	5	7	0	7	7
P_LP.1473	5	2	0	7	7	7
P_LP.1476	0	7	6	1	7	7
P_LP.15	3	4	7	0	7	7
P_LP.1507	5	2	0	7	7	7
P_LP.1528	5	2	0	7	7	7
P_LP.1537	0	7	7	0	7	7
P_LP.1238	2	5	7	0	7	7
P_LP.1223	5	2	0	7	7	7
P_LP.1205	5	2	0	7	7	7
P_LP.1134	1	6	7	0	7	7
P_LP.107	5	2	7	0	7	7
P_LP.1070	4	3	0	7	7	7
P_LP.1076	1	6	7	0	7	7
P_LP.1083	4	3	0	7	7	7
P_LP.1089	2	5	7	0	7	7
P_LP.1098	5	2	0	7	7	7
P_LP.1101	4	3	0	7	7	7
P_LP.1120	1	6	7	0	7	7
P_LP.1127	2	5	7	0	7	7
P_LP.1132	2	5	7	0	7	7
P_LP.1139	0	7	5	2	7	7
P_LP.12	4	3	0	7	7	7
P_LP.114	3	4	0	7	7	7
P_LP.1144	4	3	7	0	7	7
P_LP.1156	4	3	0	7	7	7
P_LP.1160	2	5	7	0	7	7
P_LP.117	4	3	7	0	7	7
P_LP.1178	2	5	7	0	7	7
P_LP.118	0	7	5	2	7	7
P_LP.1183	2	5	7	0	7	7
P_LP.119	2	5	7	0	7	7
P_LP.1194	0	7	6	1	7	7
P_LP.154	1	6	7	0	7	7
P_LP.155	3	4	0	7	7	7
P_LP.1551	5	2	0	7	7	7
P_LP.1909	0	7	2	5	7	7
P_LP.1823	0	7	5	2	7	7
P_LP.1833	5	2	0	7	7	7
P_LP.1854	4	3	0	7	7	7
P_LP.1855	4	3	0	7	7	7
P_LP.1857	0	7	5	2	7	7
P_LP.1858	5	2	0	7	7	7
P_LP.1874	5	2	7	0	7	7
P_LP.188	3	4	7	0	7	7
P_LP.189	2	5	0	7	7	7
P_LP.1901	2	5	7	0	7	7
P_LP.191	3	4	7	0	7	7
P_LP.1777	1	6	7	0	7	7
P_LP.1932	4	3	7	0	7	7
P_LP.1934	0	7	5	2	7	7
P_LP.1971	1	6	7	0	7	7
P_LP.1981	6	1	0	7	7	7
P_LP.202	0	7	1	6	7	7
P_LP.2052	2	5	7	0	7	7
P_LP.2055	7	0	5	2	7	7
P_LP.2067	0	7	3	4	7	7
P_LP.2079	3	4	0	7	7	7
P_LP.208	1	6	7	0	7	7
P_LP.1780	1	6	7	0	7	7
P_LP.1759	2	5	0	7	7	7
P_LP.1581	7	0	0	7	7	7
P_LP.1672	5	2	7	0	7	7
P_LP.1583	4	3	0	7	7	7
P_LP.1593	3	4	7	0	7	7
P_LP.1617	2	5	7	0	7	7
P_LP.1625	1	6	7	0	7	7
P_LP.1626	5	2	7	0	7	7
P_LP.1628	4	3	7	0	7	7
P_LP.163	5	2	0	7	7	7
P_LP.1635	1	6	7	0	7	7
P_LP.1659	1	6	7	0	7	7
P_LP.1668	3	4	7	0	7	7
P_LP.168	3	4	7	0	7	7
P_LP.1746	2	5	7	0	7	7
P_LP.1693	5	2	0	7	7	7
P_LP.1697	1	6	7	0	7	7
P_LP.170	4	3	0	7	7	7
P_LP.1711	0	7	6	1	7	7
P_LP.1714	3	4	7	0	7	7
P_LP.1721	3	4	7	0	7	7
P_LP.1727	4	3	0	7	7	7
P_LP.1734	3	4	0	7	7	7
P_LP.1735	3	4	7	0	7	7
P_LP.1736	4	3	7	0	7	7
P_LP.1068	0	7	5	2	7	7
P_LP.102	7	0	1	6	7	7
P_LP.210	0	7	7	0	7	7
P_LP.1015	2	5	7	0	7	7
N_LP.421	2	5	7	0	7	7
N_LP.433	0	7	3	4	7	7
N_LP.452	4	3	7	0	7	7
N_LP.482	4	3	7	0	7	7
N_LP.487	0	7	4	3	7	7
N_LP.488	3	4	0	7	7	7
N_LP.49	4	3	7	0	7	7
N_LP.500	1	6	7	0	7	7
N_LP.544	3	4	7	0	7	7
N_LP.553	3	4	7	0	7	7
N_LP.560	0	7	6	1	7	7
N_LP.57	7	0	2	5	7	7
N_LP.570	3	4	7	0	7	7
N_LP.588	0	7	5	2	7	7
N_LP.593	2	5	7	0	7	7
N_LP.599	3	4	0	7	7	7
N_LP.606	2	5	7	0	7	7
N_LP.608	3	4	7	0	7	7
N_LP.628	5	2	0	7	7	7
N_LP.63	2	5	7	0	7	7
N_LP.630	2	5	7	0	7	7
N_LP.643	1	6	7	0	7	7
N_LP.669	2	5	7	0	7	7
N_LP.41	1	6	7	0	7	7
N_LP.380	3	4	0	7	7	7
N_LP.377	3	4	7	0	7	7
N_LP.2395	2	5	7	0	7	7
N_LP.2290	7	0	5	2	7	7
N_LP.230	2	5	7	0	7	7
N_LP.2307	3	4	0	7	7	7
N_LP.2311	6	1	7	0	7	7
N_LP.2344	0	7	5	2	7	7
N_LP.2346	0	7	6	1	7	7
N_LP.235	1	6	7	0	7	7
N_LP.2378	1	6	7	0	7	7
N_LP.2387	4	3	7	0	7	7
N_LP.2391	3	4	7	0	7	7
N_LP.242	1	6	7	0	7	7
N_LP.360	0	7	3	4	7	7
N_LP.243	0	7	4	3	7	7
N_LP.279	0	7	7	0	7	7
N_LP.287	3	4	7	0	7	7
N_LP.307	3	4	7	0	7	7
N_LP.312	3	4	7	0	7	7
N_LP.331	7	0	4	3	7	7
N_LP.334	0	7	7	0	7	7
N_LP.345	4	3	7	0	7	7
N_LP.348	7	0	2	5	7	7
N_LP.351	0	7	7	0	7	7
N_LP.671	4	3	7	0	7	7
N_LP.679	0	7	5	2	7	7
N_LP.716	3	4	0	7	7	7
N_LP.1454	3	4	0	7	7	7
N_LP.1250	2	5	7	0	7	7
N_LP.1656	1	6	7	0	7	7
N_LP.2390	3	4	7	0	7	7
N_LP.289	0	7	6	1	7	7
N_LP.297	5	2	0	7	7	7
N_LP.557	0	7	6	1	7	7
N_LP.637	1	6	7	0	7	7
N_LP.645	1	6	7	0	7	7
N_LP.659	0	7	6	1	7	7
N_LP.843	2	5	7	0	7	7
N_LP.564	3	4	7	0	7	7
N_LP.1102	4	3	0	7	7	7
N_LP.932	7	0	2	5	7	7
N_LP.1806	3	4	0	7	7	7
N_LP.1101	4	3	0	7	7	7
N_LP.1912	5	2	0	7	7	7
N_LP.563	3	4	0	7	7	7
N_LP.2141	3	4	7	0	7	7
N_LP.2403	2	5	0	7	7	7
P_LP.10	3	4	7	0	7	7
P_LP.100	2	5	7	0	7	7
P_LP.1014	0	7	3	4	7	7
N_LP.1233	4	3	7	0	7	7
N_LP.1036	4	3	7	0	7	7
N_LP.73	1	6	7	0	7	7
N_LP.853	1	6	7	0	7	7
N_LP.746	2	5	7	0	7	7
N_LP.77	0	7	5	2	7	7
N_LP.772	3	4	7	0	7	7
N_LP.779	3	4	7	0	7	7
N_LP.781	3	4	7	0	7	7
N_LP.787	3	4	7	0	7	7
N_LP.812	1	6	7	0	7	7
N_LP.821	0	7	5	2	7	7
N_LP.827	4	3	7	0	7	7
N_LP.841	2	5	7	0	7	7
N_LP.856	3	4	7	0	7	7
N_LP.103	1	6	0	7	7	7
N_LP.861	0	7	5	2	7	7
N_LP.870	0	7	6	1	7	7
N_LP.885	3	4	7	0	7	7
N_LP.897	4	3	7	0	7	7
N_LP.90	3	4	7	0	7	7
N_LP.919	0	7	3	4	7	7
N_LP.954	4	3	7	0	7	7
N_LP.96	2	5	7	0	7	7
N_LP.990	0	7	5	2	7	7
N_LP.996	1	6	7	0	7	7
P_LP.21	4	3	0	7	7	7
P_LP.2140	1	6	7	0	7	7
N_LP.2265	4	3	0	7	7	7
P_LP.514	1	6	7	0	7	7
P_LP.76	5	2	0	7	7	7
P_LP.777	5	2	0	7	7	7
P_LP.8	0	7	5	2	7	7
P_LP.804	2	5	7	0	7	7
P_LP.810	1	6	7	0	7	7
P_LP.82	3	4	7	0	7	7
P_LP.84	3	4	7	0	7	7
P_LP.857	3	4	7	0	7	7
P_LP.862	4	3	0	7	7	7
P_LP.887	3	4	7	0	7	7
P_LP.889	5	2	0	7	7	7
P_LP.890	4	3	0	7	7	7
P_LP.893	3	4	7	0	7	7
P_LP.895	2	5	7	0	7	7
P_LP.898	1	6	7	0	7	7
P_LP.9	4	3	0	7	7	7
P_LP.910	2	5	7	0	7	7
P_LP.916	3	4	7	0	7	7
P_LP.936	3	4	7	0	7	7
P_LP.968	1	6	7	0	7	7
P_LP.982	3	4	7	0	7	7
P_LP.1163	3	4	7	0	7	7
P_LP.1186	0	7	5	2	7	7
P_LP.741	3	4	7	0	7	7
P_LP.731	3	4	0	7	7	7
P_LP.728	1	6	7	0	7	7
P_LP.623	1	6	7	0	7	7
P_LP.55	2	5	7	0	7	7
P_LP.571	0	7	6	1	7	7
P_LP.574	3	4	7	0	7	7
P_LP.577	0	7	4	3	7	7
P_LP.594	0	7	2	5	7	7
P_LP.601	0	7	6	1	7	7
P_LP.604	4	3	0	7	7	7
P_LP.605	5	2	0	7	7	7
P_LP.608	0	7	7	0	7	7
P_LP.617	1	6	7	0	7	7
P_LP.630	5	2	0	7	7	7
P_LP.713	4	3	0	7	7	7
P_LP.637	3	4	7	0	7	7
P_LP.68	3	4	0	7	7	7
P_LP.682	5	2	0	7	7	7
P_LP.691	2	5	7	0	7	7
P_LP.694	4	3	7	0	7	7
P_LP.696	1	6	7	0	7	7
P_LP.697	2	5	7	0	7	7
P_LP.699	5	2	0	7	7	7
P_LP.70	3	4	0	7	7	7
P_LP.706	0	7	3	4	7	7
P_LP.1514	4	3	0	7	7	7
P_LP.1815	0	7	7	0	7	7
P_LP.1950	6	1	0	7	7	7
COG0038	0	7	5	2	7	7
P_LP.1704	2	5	0	7	7	7
P_LP.1895	4	3	0	7	7	7
P_LP.2385	4	3	0	7	7	7
P_LP.2571	2	5	7	0	7	7
COG0001	2	5	0	7	7	7
COG0009	4	3	7	0	7	7
COG0024	0	7	1	6	7	7
COG0029	3	4	7	0	7	7
COG0033	0	7	4	3	7	7
COG0035	0	7	3	4	7	7
COG0041	0	7	1	6	7	7
P_LP.903	5	2	0	7	7	7
COG0043	1	6	7	0	7	7
COG0045	1	6	7	0	7	7
COG0049	2	5	0	7	7	7
COG0051	0	7	5	2	7	7
COG0057	0	7	4	3	7	7
COG0058	4	3	0	7	7	7
COG0060	4	3	0	7	7	7
COG0064	0	7	3	4	7	7
COG0073	4	3	0	7	7	7
COG0083	0	7	6	1	7	7
P_LP.1412	0	7	5	2	7	7
P_LP.603	0	7	6	1	7	7
P_LP.1975	0	7	6	1	7	7
P_LP.568	0	7	5	2	7	7
P_LP.2342	0	7	7	0	7	7
P_LP.2393	1	6	7	0	7	7
P_LP.250	0	7	7	0	7	7
P_LP.2919	1	6	7	0	7	7
P_LP.3186	0	7	5	2	7	7
P_LP.3199	0	7	7	0	7	7
P_LP.3227	1	6	7	0	7	7
P_LP.3242	4	3	7	0	7	7
P_LP.3243	3	4	7	0	7	7
P_LP.562	0	7	1	6	7	7
P_LP.740	0	7	7	0	7	7
P_LP.3107	4	3	0	7	7	7
P_LP.786	1	6	7	0	7	7
P_LP.1211	5	2	0	7	7	7
P_LP.2476	6	1	0	7	7	7
P_LP.536	4	3	7	0	7	7
P_LP.678	4	3	7	0	7	7
P_LP.1198	4	3	0	7	7	7
P_LP.1536	7	0	2	5	7	7
P_LP.1919	3	4	0	7	7	7
P_LP.1987	6	1	0	7	7	7
P_LP.2039	3	4	0	7	7	7
P_LP.539	4	3	7	0	7	7
P_LP.51	4	3	7	0	7	7
P_LP.2162	5	2	0	7	7	7
P_LP.499	3	4	0	7	7	7
P_LP.2524	2	5	7	0	7	7
P_LP.2535	3	4	0	7	7	7
P_LP.2536	4	3	0	7	7	7
P_LP.2543	0	7	5	2	7	7
P_LP.2562	0	7	5	2	7	7
P_LP.2575	3	4	7	0	7	7
P_LP.2578	0	7	6	1	7	7
P_LP.2588	0	7	7	0	7	7
P_LP.2603	2	5	7	0	7	7
P_LP.2611	3	4	0	7	7	7
P_LP.2614	2	5	7	0	7	7
P_LP.2616	1	6	7	0	7	7
P_LP.2617	1	6	7	0	7	7
P_LP.2618	5	2	0	7	7	7
P_LP.2621	5	2	0	7	7	7
P_LP.2622	0	7	5	2	7	7
P_LP.2629	4	3	0	7	7	7
P_LP.2635	0	7	2	5	7	7
P_LP.2637	2	5	7	0	7	7
P_LP.2640	2	5	0	7	7	7
P_LP.2654	2	5	7	0	7	7
P_LP.2663	4	3	7	0	7	7
P_LP.2665	2	5	7	0	7	7
P_LP.2513	4	3	0	7	7	7
P_LP.2507	4	3	0	7	7	7
P_LP.2497	4	3	0	7	7	7
P_LP.2298	7	0	1	6	7	7
P_LP.2165	1	6	7	0	7	7
P_LP.22	0	7	5	2	7	7
P_LP.2202	1	6	7	0	7	7
P_LP.2205	5	2	7	0	7	7
P_LP.2218	0	7	6	1	7	7
P_LP.2229	3	4	7	0	7	7
P_LP.2236	3	4	0	7	7	7
P_LP.2241	4	3	0	7	7	7
P_LP.2265	0	7	5	2	7	7
P_LP.2296	3	4	7	0	7	7
P_LP.2307	2	5	7	0	7	7
P_LP.2483	5	2	0	7	7	7
P_LP.231	5	2	0	7	7	7
P_LP.2341	3	4	7	0	7	7
P_LP.2353	4	3	7	0	7	7
P_LP.2360	5	2	0	7	7	7
P_LP.2374	0	7	1	6	7	7
P_LP.239	0	7	5	2	7	7
P_LP.24	3	4	7	0	7	7
P_LP.242	0	7	5	2	7	7
P_LP.2445	4	3	0	7	7	7
P_LP.2454	1	6	7	0	7	7
P_LP.2676	1	6	7	0	7	7
P_LP.268	4	3	0	7	7	7
P_LP.2701	4	3	0	7	7	7
P_LP.322	1	6	7	0	7	7
P_LP.3123	0	7	5	2	7	7
P_LP.313	2	5	7	0	7	7
P_LP.3148	0	7	4	3	7	7
P_LP.315	0	7	6	1	7	7
P_LP.3150	4	3	0	7	7	7
P_LP.3153	0	7	5	2	7	7
P_LP.3165	4	3	7	0	7	7
P_LP.3190	0	7	3	4	7	7
P_LP.320	0	7	5	2	7	7
P_LP.3218	0	7	2	5	7	7
P_LP.3236	5	2	0	7	7	7
P_LP.3023	3	4	7	0	7	7
P_LP.3277	1	6	7	0	7	7
P_LP.3288	0	7	4	3	7	7
P_LP.3294	4	3	0	7	7	7
P_LP.332	6	1	0	7	7	7
P_LP.334	4	3	0	7	7	7
P_LP.344	4	3	0	7	7	7
P_LP.380	0	7	5	2	7	7
P_LP.442	5	2	0	7	7	7
P_LP.48	0	7	5	2	7	7
P_LP.486	4	3	0	7	7	7
P_LP.3039	1	6	7	0	7	7
P_LP.3010	4	3	0	7	7	7
P_LP.2705	0	7	4	3	7	7
P_LP.284	4	3	0	7	7	7
P_LP.2710	3	4	7	0	7	7
P_LP.2727	5	2	0	7	7	7
P_LP.2742	6	1	0	7	7	7
P_LP.2769	0	7	6	1	7	7
P_LP.277	4	3	0	7	7	7
P_LP.2792	3	4	7	0	7	7
P_LP.28	5	2	0	7	7	7
P_LP.2802	0	7	6	1	7	7
P_LP.283	5	2	0	7	7	7
P_LP.2834	5	2	0	7	7	7
P_LP.2843	3	4	7	0	7	7
P_LP.3006	4	3	7	0	7	7
P_LP.2877	2	5	7	0	7	7
P_LP.2896	4	3	7	0	7	7
P_LP.2897	2	5	7	0	7	7
P_LP.2906	0	7	4	3	7	7
P_LP.2918	0	7	5	2	7	7
P_LP.295	6	1	0	7	7	7
P_LP.2954	3	4	7	0	7	7
P_LP.2973	4	3	7	0	7	7
P_LP.2989	4	3	7	0	7	7
P_LP.3	0	7	5	2	7	7
N_LP.2270	2	5	0	7	7	7
N_LP.226	0	7	6	1	7	7
COG0094	0	7	4	3	7	7
N_AQ.917	2	5	0	7	7	7
N_AQ.474	0	7	6	1	7	7
N_AQ.507	4	3	7	0	7	7
N_AQ.517	0	7	3	4	7	7
N_AQ.571	3	4	7	0	7	7
N_AQ.589	2	5	7	0	7	7
N_AQ.605	1	6	7	0	7	7
N_AQ.742	4	3	7	0	7	7
N_AQ.767	1	6	7	0	7	7
N_AQ.882	4	3	7	0	7	7
N_AQ.976	0	7	4	3	7	7
N_AQ.979	0	7	1	6	7	7
N_AQ.383	0	7	5	2	7	7
N_AQ.634	2	5	7	0	7	7
N_AQ.1016	3	4	7	0	7	7
N_AQ.1040	2	5	7	0	7	7
N_AQ.1127	0	7	6	1	7	7
N_AQ.1389	0	7	5	2	7	7
N_AQ.1390	2	5	7	0	7	7
N_AQ.1545	0	7	7	0	7	7
N_AQ.501	5	2	7	0	7	7
N_AQ.707	0	7	5	2	7	7
N_AQ.820	0	7	7	0	7	7
N_AQ.993	2	5	7	0	7	7
N_AQ.463	0	7	6	1	7	7
N_AQ.393	4	3	7	0	7	7
N_AQ.314	0	7	7	0	7	7
N_AQ.1321	3	4	7	0	7	7
N_AQ.921	0	7	5	2	7	7
N_AQ.943	0	7	6	1	7	7
N_AQ.950	3	4	7	0	7	7
N_AQ.964	0	7	6	1	7	7
N_AQ.977	4	3	7	0	7	7
N_AQ.1028	0	7	4	3	7	7
N_AQ.1128	0	7	5	2	7	7
N_AQ.1179	0	7	6	1	7	7
N_AQ.1211	0	7	5	2	7	7
N_AQ.1227	3	4	0	7	7	7
N_AQ.133	2	5	7	0	7	7
N_AQ.280	1	6	7	0	7	7
N_AQ.1345	1	6	7	0	7	7
N_AQ.1387	2	5	7	0	7	7
N_AQ.1454	3	4	7	0	7	7
N_AQ.1556	0	7	4	3	7	7
N_AQ.181	4	3	7	0	7	7
N_AQ.198	3	4	7	0	7	7
N_AQ.237	2	5	7	0	7	7
N_AQ.262	3	4	7	0	7	7
N_AQ.275	0	7	4	3	7	7
N_AQ.277	1	6	7	0	7	7
N_AQ.840	0	7	4	3	7	7
P_AQ.10	3	4	7	0	7	7
P_AQ.1003	3	4	7	0	7	7
P_AQ.165	3	4	7	0	7	7
P_AQ.1458	2	5	7	0	7	7
P_AQ.1466	3	4	0	7	7	7
P_AQ.1473	3	4	0	7	7	7
P_AQ.1480	4	3	0	7	7	7
P_AQ.149	4	3	0	7	7	7
P_AQ.1528	7	0	3	4	7	7
P_AQ.1543	1	6	7	0	7	7
P_AQ.1591	0	7	5	2	7	7
P_AQ.1606	0	7	6	1	7	7
P_AQ.1626	0	7	3	4	7	7
P_AQ.1670	2	5	7	0	7	7
P_AQ.1417	4	3	0	7	7	7
P_AQ.1677	3	4	7	0	7	7
P_AQ.1697	3	4	0	7	7	7
P_AQ.17	4	3	7	0	7	7
P_AQ.1724	1	6	7	0	7	7
P_AQ.1733	0	7	6	1	7	7
P_AQ.1781	2	5	0	7	7	7
P_AQ.1782	3	4	0	7	7	7
P_AQ.182	2	5	7	0	7	7
P_AQ.186	5	2	0	7	7	7
P_AQ.209	0	7	5	2	7	7
P_AQ.1428	3	4	7	0	7	7
P_AQ.1388	6	1	0	7	7	7
P_AQ.1006	3	4	7	0	7	7
P_AQ.1178	0	7	5	2	7	7
P_AQ.1019	1	6	7	0	7	7
P_AQ.1036	0	7	4	3	7	7
P_AQ.1038	0	7	2	5	7	7
P_AQ.105	2	5	7	0	7	7
P_AQ.1076	0	7	4	3	7	7
P_AQ.108	3	4	0	7	7	7
P_AQ.1109	0	7	3	4	7	7
P_AQ.1134	0	7	7	0	7	7
P_AQ.1147	0	7	4	3	7	7
P_AQ.1162	4	3	7	0	7	7
P_AQ.1185	2	5	7	0	7	7
P_AQ.1385	3	4	0	7	7	7
P_AQ.119	4	3	7	0	7	7
P_AQ.1199	0	7	6	1	7	7
P_AQ.1203	4	3	7	0	7	7
P_AQ.122	0	7	4	3	7	7
P_AQ.124	0	7	5	2	7	7
P_AQ.1262	2	5	7	0	7	7
P_AQ.1266	3	4	7	0	7	7
P_AQ.1290	0	7	5	2	7	7
P_AQ.1310	4	3	7	0	7	7
P_AQ.1328	4	3	0	7	7	7
N_AQ.92	0	7	5	2	7	7
N_AQ.91	1	6	7	0	7	7
P_AQ.230	5	2	0	7	7	7
N_AQ.887	7	0	1	6	7	7
N_AQ.1467	5	2	0	7	7	7
N_AQ.1470	2	5	7	0	7	7
N_AQ.148	0	7	4	3	7	7
N_AQ.1496	3	4	0	7	7	7
N_AQ.1500	4	3	0	7	7	7
N_AQ.1507	1	6	7	0	7	7
N_AQ.151	0	7	5	2	7	7
N_AQ.1540	2	5	7	0	7	7
N_AQ.1541	2	5	0	7	7	7
N_AQ.1550	4	3	7	0	7	7
N_AQ.1554	0	7	4	3	7	7
N_AQ.172	0	7	4	3	7	7
N_AQ.174	1	6	7	0	7	7
N_AQ.200	0	7	6	1	7	7
N_AQ.201	3	4	0	7	7	7
N_AQ.250	4	3	0	7	7	7
N_AQ.254	0	7	7	0	7	7
N_AQ.256	1	6	7	0	7	7
N_AQ.29	0	7	6	1	7	7
N_AQ.316	3	4	0	7	7	7
N_AQ.337	4	3	0	7	7	7
N_AQ.341	5	2	0	7	7	7
N_AQ.350	3	4	7	0	7	7
N_AQ.1466	2	5	0	7	7	7
N_AQ.1455	4	3	0	7	7	7
N_AQ.144	3	4	7	0	7	7
N_AQ.1217	0	7	2	5	7	7
N_AQ.1072	7	0	2	5	7	7
N_AQ.1076	4	3	0	7	7	7
N_AQ.1097	0	7	6	1	7	7
N_AQ.110	0	7	3	4	7	7
N_AQ.1116	2	5	0	7	7	7
N_AQ.1133	3	4	0	7	7	7
N_AQ.1147	0	7	6	1	7	7
N_AQ.1173	0	7	7	0	7	7
N_AQ.1186	3	4	0	7	7	7
N_AQ.1188	1	6	7	0	7	7
N_AQ.1225	3	4	7	0	7	7
N_AQ.1437	4	3	0	7	7	7
N_AQ.1230	0	7	7	0	7	7
N_AQ.1231	1	6	7	0	7	7
N_AQ.1264	0	7	3	4	7	7
N_AQ.128	0	7	3	4	7	7
N_AQ.1318	0	7	4	3	7	7
N_AQ.1332	2	5	7	0	7	7
N_AQ.1338	3	4	0	7	7	7
N_AQ.1363	4	3	0	7	7	7
N_AQ.1367	0	7	4	3	7	7
N_AQ.1398	1	6	7	0	7	7
N_AQ.360	3	4	7	0	7	7
N_AQ.378	1	6	7	0	7	7
N_AQ.389	0	7	3	4	7	7
N_AQ.8	4	3	7	0	7	7
N_AQ.653	5	2	0	7	7	7
N_AQ.665	4	3	7	0	7	7
N_AQ.670	3	4	7	0	7	7
N_AQ.677	3	4	0	7	7	7
N_AQ.703	2	5	7	0	7	7
N_AQ.708	3	4	0	7	7	7
N_AQ.713	3	4	7	0	7	7
N_AQ.735	5	2	0	7	7	7
N_AQ.745	2	5	7	0	7	7
N_AQ.774	1	6	7	0	7	7
N_AQ.801	3	4	7	0	7	7
N_AQ.617	0	7	4	3	7	7
N_AQ.813	0	7	4	3	7	7
N_AQ.831	0	7	6	1	7	7
N_AQ.834	3	4	7	0	7	7
N_AQ.838	2	5	7	0	7	7
N_AQ.839	4	3	0	7	7	7
N_AQ.84	0	7	4	3	7	7
N_AQ.844	0	7	6	1	7	7
N_AQ.856	3	4	0	7	7	7
N_AQ.858	1	6	0	7	7	7
N_AQ.868	2	5	7	0	7	7
N_AQ.650	0	7	2	5	7	7
N_AQ.614	7	0	1	6	7	7
N_AQ.397	2	5	0	7	7	7
N_AQ.499	1	6	7	0	7	7
N_AQ.399	1	6	7	0	7	7
N_AQ.40	4	3	0	7	7	7
N_AQ.409	4	3	7	0	7	7
N_AQ.41	2	5	7	0	7	7
N_AQ.419	0	7	6	1	7	7
N_AQ.433	4	3	0	7	7	7
N_AQ.438	3	4	0	7	7	7
N_AQ.447	0	7	6	1	7	7
N_AQ.45	0	7	1	6	7	7
N_AQ.458	5	2	0	7	7	7
N_AQ.506	0	7	6	1	7	7
N_AQ.606	2	5	7	0	7	7
N_AQ.510	3	4	7	0	7	7
N_AQ.515	5	2	0	7	7	7
N_AQ.518	3	4	7	0	7	7
N_AQ.529	5	2	0	7	7	7
N_AQ.533	0	7	5	2	7	7
N_AQ.553	3	4	0	7	7	7
N_AQ.556	4	3	7	0	7	7
N_AQ.563	4	3	7	0	7	7
N_AQ.574	0	7	6	1	7	7
N_AQ.595	5	2	0	7	7	7
P_AQ.213	2	5	7	0	7	7
P_AQ.248	0	7	3	4	7	7
N_LP.2259	2	5	7	0	7	7
N_LP.1005	4	3	7	0	7	7
N_LP.1222	7	0	4	3	7	7
N_LP.1234	0	7	6	1	7	7
N_LP.1291	2	5	7	0	7	7
N_LP.132	2	5	7	0	7	7
N_LP.1348	7	0	2	5	7	7
N_LP.1366	3	4	7	0	7	7
N_LP.1377	1	6	7	0	7	7
N_LP.138	0	7	6	1	7	7
N_LP.1394	1	6	7	0	7	7
N_LP.1406	3	4	7	0	7	7
N_LP.1432	5	2	0	7	7	7
N_LP.1435	4	3	0	7	7	7
N_LP.1458	3	4	0	7	7	7
N_LP.1462	4	3	0	7	7	7
N_LP.1467	0	7	4	3	7	7
N_LP.1503	0	7	4	3	7	7
N_LP.1515	0	7	5	2	7	7
N_LP.1516	2	5	7	0	7	7
N_LP.1525	4	3	0	7	7	7
N_LP.1526	5	2	0	7	7	7
N_LP.1535	0	7	4	3	7	7
N_LP.1570	1	6	7	0	7	7
N_LP.1578	4	3	7	0	7	7
N_LP.1220	2	5	7	0	7	7
N_LP.1219	0	7	5	2	7	7
N_LP.1217	3	4	7	0	7	7
N_LP.1093	0	7	5	2	7	7
N_LP.1019	4	3	0	7	7	7
N_LP.1021	3	4	7	0	7	7
N_LP.1050	2	5	7	0	7	7
N_LP.1054	2	5	7	0	7	7
N_LP.1057	4	3	0	7	7	7
N_LP.106	0	7	6	1	7	7
N_LP.1060	0	7	2	5	7	7
N_LP.1065	4	3	0	7	7	7
N_LP.1087	0	7	5	2	7	7
N_LP.109	0	7	6	1	7	7
N_LP.1108	2	5	7	0	7	7
N_LP.1208	0	7	5	2	7	7
N_LP.111	3	4	7	0	7	7
N_LP.112	0	7	5	2	7	7
N_LP.1122	3	4	7	0	7	7
N_LP.1127	1	6	7	0	7	7
N_LP.1128	3	4	7	0	7	7
N_LP.1136	0	7	6	1	7	7
N_LP.1165	2	5	7	0	7	7
N_LP.1174	3	4	7	0	7	7
N_LP.1181	0	7	2	5	7	7
N_LP.1205	4	3	0	7	7	7
N_LP.159	0	7	6	1	7	7
N_LP.160	0	7	5	2	7	7
N_LP.1621	1	6	7	0	7	7
N_LP.2026	3	4	7	0	7	7
N_LP.1913	0	7	2	5	7	7
N_LP.1921	2	5	7	0	7	7
N_LP.1929	0	7	4	3	7	7
N_LP.1933	0	7	5	2	7	7
N_LP.1954	3	4	7	0	7	7
N_LP.1961	1	6	7	0	7	7
N_LP.1992	0	7	5	2	7	7
N_LP.1997	0	7	5	2	7	7
N_LP.20	4	3	0	7	7	7
N_LP.2019	5	2	0	7	7	7
N_LP.2068	4	3	7	0	7	7
N_LP.1850	1	6	7	0	7	7
N_LP.2076	0	7	4	3	7	7
N_LP.210	2	5	7	0	7	7
N_LP.2116	0	7	5	2	7	7
N_LP.2157	4	3	0	7	7	7
N_LP.2169	3	4	7	0	7	7
N_LP.217	0	7	4	3	7	7
N_LP.2212	0	7	6	1	7	7
N_LP.2221	0	7	5	2	7	7
N_LP.2240	0	7	5	2	7	7
N_LP.2247	4	3	7	0	7	7
N_LP.1898	3	4	7	0	7	7
N_LP.1843	0	7	4	3	7	7
N_LP.163	6	1	0	7	7	7
N_LP.1738	2	5	7	0	7	7
N_LP.1654	4	3	0	7	7	7
N_LP.1660	3	4	0	7	7	7
N_LP.1661	5	2	0	7	7	7
N_LP.168	3	4	7	0	7	7
N_LP.1689	1	6	7	0	7	7
N_LP.1708	4	3	0	7	7	7
N_LP.1722	3	4	0	7	7	7
N_LP.1727	7	0	2	5	7	7
N_LP.1730	0	7	4	3	7	7
N_LP.1734	3	4	0	7	7	7
N_LP.1742	3	4	7	0	7	7
N_LP.1837	0	7	6	1	7	7
N_LP.1751	0	7	5	2	7	7
N_LP.1767	2	5	7	0	7	7
N_LP.1768	7	0	5	2	7	7
N_LP.179	2	5	7	0	7	7
N_LP.1797	2	5	7	0	7	7
N_LP.181	2	5	7	0	7	7
N_LP.1817	5	2	0	7	7	7
N_LP.1820	3	4	7	0	7	7
N_LP.1825	2	5	7	0	7	7
N_LP.1826	1	6	7	0	7	7
N_LP.1016	3	4	0	7	7	7
P_AQ.893	1	6	7	0	7	7
P_AQ.253	5	2	0	7	7	7
P_AQ.1009	7	0	3	4	7	7
P_AQ.584	5	2	7	0	7	7
P_AQ.59	3	4	0	7	7	7
P_AQ.607	0	7	5	2	7	7
P_AQ.612	0	7	6	1	7	7
P_AQ.617	1	6	7	0	7	7
P_AQ.626	0	7	5	2	7	7
P_AQ.63	0	7	6	1	7	7
P_AQ.645	3	4	0	7	7	7
P_AQ.652	0	7	6	1	7	7
P_AQ.658	2	5	7	0	7	7
P_AQ.67	4	3	0	7	7	7
P_AQ.734	2	5	7	0	7	7
P_AQ.752	4	3	0	7	7	7
P_AQ.765	0	7	2	5	7	7
P_AQ.818	0	7	4	3	7	7
P_AQ.84	5	2	0	7	7	7
P_AQ.841	2	5	7	0	7	7
P_AQ.849	2	5	7	0	7	7
P_AQ.859	3	4	7	0	7	7
P_AQ.866	4	3	7	0	7	7
P_AQ.875	2	5	7	0	7	7
P_AQ.89	1	6	7	0	7	7
P_AQ.91	5	2	0	7	7	7
P_AQ.582	6	1	0	7	7	7
P_AQ.58	3	4	7	0	7	7
P_AQ.559	1	6	7	0	7	7
P_AQ.392	5	2	0	7	7	7
P_AQ.278	1	6	7	0	7	7
P_AQ.283	4	3	0	7	7	7
P_AQ.289	2	5	7	0	7	7
P_AQ.307	2	5	0	7	7	7
P_AQ.309	0	7	6	1	7	7
P_AQ.338	6	1	0	7	7	7
P_AQ.344	2	5	7	0	7	7
P_AQ.359	5	2	0	7	7	7
P_AQ.36	5	2	0	7	7	7
P_AQ.360	5	2	0	7	7	7
P_AQ.398	3	4	7	0	7	7
P_AQ.550	4	3	7	0	7	7
P_AQ.425	0	7	4	3	7	7
P_AQ.435	2	5	7	0	7	7
P_AQ.44	3	4	7	0	7	7
P_AQ.448	6	1	0	7	7	7
P_AQ.453	4	3	0	7	7	7
P_AQ.479	0	7	5	2	7	7
P_AQ.481	4	3	0	7	7	7
P_AQ.497	4	3	0	7	7	7
P_AQ.501	3	4	7	0	7	7
P_AQ.54	3	4	0	7	7	7
P_AQ.913	2	5	7	0	7	7
P_AQ.915	0	7	5	2	7	7
P_AQ.920	0	7	5	2	7	7
P_AQ.1511	0	7	6	1	7	7
P_AQ.984	2	5	7	0	7	7
P_AQ.998	2	5	7	0	7	7
P_AQ.1050	3	4	7	0	7	7
P_AQ.1664	2	5	7	0	7	7
P_AQ.1014	0	7	6	1	7	7
P_AQ.1018	4	3	7	0	7	7
P_AQ.1023	4	3	7	0	7	7
P_AQ.1245	1	6	7	0	7	7
P_AQ.1406	1	6	7	0	7	7
P_AQ.1438	0	7	7	0	7	7
P_AQ.1608	2	5	7	0	7	7
P_AQ.771	0	7	6	1	7	7
P_AQ.240	0	7	5	2	7	7
P_AQ.258	0	7	6	1	7	7
P_AQ.285	4	3	0	7	7	7
P_AQ.410	2	5	7	0	7	7
P_AQ.613	0	7	5	2	7	7
P_AQ.701	0	7	7	0	7	7
P_AQ.754	1	6	7	0	7	7
P_AQ.851	2	5	7	0	7	7
P_AQ.976	4	3	7	0	7	7
P_AQ.783	4	3	0	7	7	7
P_AQ.962	0	7	4	3	7	7
P_AQ.643	1	6	7	0	7	7
P_AQ.925	1	6	7	0	7	7
P_AQ.1173	4	3	7	0	7	7
P_AQ.930	2	5	7	0	7	7
P_AQ.933	6	1	7	0	7	7
P_AQ.944	0	7	7	0	7	7
P_AQ.945	0	7	3	4	7	7
P_AQ.951	4	3	0	7	7	7
P_AQ.958	2	5	7	0	7	7
P_AQ.97	2	5	7	0	7	7
P_AQ.972	0	7	6	1	7	7
P_AQ.977	5	2	0	7	7	7
P_AQ.1040	1	6	7	0	7	7
P_AQ.1176	1	6	7	0	7	7
P_AQ.590	4	3	7	0	7	7
P_AQ.1191	3	4	7	0	7	7
P_AQ.1321	5	2	7	0	7	7
P_AQ.1352	0	7	6	1	7	7
P_AQ.1353	4	3	0	7	7	7
P_AQ.1362	0	7	3	4	7	7
P_AQ.1380	3	4	7	0	7	7
P_AQ.1714	2	5	7	0	7	7
P_AQ.1728	1	6	7	0	7	7
P_AQ.1753	4	3	7	0	7	7
P_AQ.47	3	4	7	0	7	7
COG0085	4	3	0	7	7	7
COG0097	0	7	3	4	7	7
ENOG4112AWE	3	4	0	7	7	7
ENOG410XUTM	5	2	0	7	7	7
ENOG410Y73Q	0	7	5	2	7	7
ENOG410Y77C	1	6	7	0	7	7
ENOG410Y83C	3	4	0	7	7	7
ENOG410Y9EZ	2	5	7	0	7	7
ENOG410Y9ZI	1	6	7	0	7	7
ENOG410YA70	4	3	7	0	7	7
ENOG410YABJ	2	5	7	0	7	7
ENOG410YAFU	4	3	0	7	7	7
ENOG410YANC	4	3	0	7	7	7
ENOG410YBJ6	3	4	7	0	7	7
ENOG410YBQA	3	4	0	7	7	7
ENOG410YCB9	4	3	7	0	7	7
ENOG410YCCC	4	3	0	7	7	7
ENOG410YCQ8	2	5	7	0	7	7
ENOG410YECY	2	5	7	0	7	7
ENOG410YEGH	1	6	7	0	7	7
ENOG410YEK0	3	4	0	7	7	7
ENOG410YESU	1	6	7	0	7	7
ENOG410YFAW	3	4	0	7	7	7
ENOG410YGJ0	2	5	7	0	7	7
ENOG410YH0U	1	6	7	0	7	7
ENOG410YHEH	4	3	7	0	7	7
ENOG410YHNP	7	0	2	5	7	7
ENOG410Y5Y8	0	7	4	3	7	7
ENOG410Y59Y	1	6	7	0	7	7
ENOG410Y4W7	7	0	3	4	7	7
ENOG410XXX8	4	3	7	0	7	7
ENOG410XUWV	1	6	7	0	7	7
ENOG410XV13	0	7	5	2	7	7
ENOG410XVYV	0	7	6	1	7	7
ENOG410XVZ9	0	7	3	4	7	7
ENOG410XW1S	2	5	7	0	7	7
ENOG410XWI1	5	2	0	7	7	7
ENOG410XWRS	5	2	0	7	7	7
ENOG410XWSH	0	7	4	3	7	7
ENOG410XXKJ	1	6	7	0	7	7
ENOG410XXTX	5	2	0	7	7	7
ENOG410XY1F	5	2	0	7	7	7
ENOG410Y4VZ	5	2	0	7	7	7
ENOG410XYH3	2	5	0	7	7	7
ENOG410XYNV	0	7	5	2	7	7
ENOG410XYP6	3	4	7	0	7	7
ENOG410XZ3T	0	7	5	2	7	7
ENOG410XZTD	0	7	4	3	7	7
ENOG410Y2EA	0	7	3	4	7	7
ENOG410Y3E1	1	6	7	0	7	7
ENOG410Y3MC	7	0	3	4	7	7
ENOG410Y4GZ	1	6	7	0	7	7
ENOG410Y4M2	6	1	0	7	7	7
ENOG410YHNX	3	4	7	0	7	7
ENOG410YI0P	3	4	7	0	7	7
ENOG410YICK	2	5	7	0	7	7
ENOG410ZIG5	6	1	7	0	7	7
ENOG410Z5N2	5	2	0	7	7	7
ENOG410Z5RD	3	4	7	0	7	7
ENOG410Z8B0	5	2	7	0	7	7
ENOG410Z8VE	1	6	7	0	7	7
ENOG410ZCG0	1	6	7	0	7	7
ENOG410ZEYT	3	4	0	7	7	7
ENOG410ZFWF	4	3	0	7	7	7
ENOG410ZGTQ	0	7	2	5	7	7
ENOG410ZHQ7	1	6	7	0	7	7
ENOG410ZICD	1	6	7	0	7	7
ENOG410ZJQZ	1	6	7	0	7	7
ENOG410Z4Y8	2	5	7	0	7	7
ENOG410ZKS3	4	3	7	0	7	7
ENOG410ZMWE	3	4	7	0	7	7
ENOG410ZNXQ	2	5	7	0	7	7
ENOG410ZPHH	4	3	0	7	7	7
ENOG410ZPNJ	0	7	3	4	7	7
ENOG410ZPTT	1	6	7	0	7	7
ENOG410ZQ51	2	5	0	7	7	7
ENOG410ZSYZ	0	7	3	4	7	7
ENOG410ZTQ8	2	5	7	0	7	7
ENOG410ZVBZ	4	3	7	0	7	7
ENOG410Z56P	0	7	4	3	7	7
ENOG410Z4SK	5	2	0	7	7	7
ENOG410YIF1	5	2	7	0	7	7
ENOG410YQP8	5	2	0	7	7	7
ENOG410YIHX	4	3	0	7	7	7
ENOG410YJGU	5	2	0	7	7	7
ENOG410YK8C	2	5	7	0	7	7
ENOG410YKVF	5	2	0	7	7	7
ENOG410YP8I	1	6	0	7	7	7
ENOG410YPIJ	3	4	0	7	7	7
ENOG410YPZX	1	6	7	0	7	7
ENOG410YQ1G	3	4	0	7	7	7
ENOG410YQ2R	0	7	7	0	7	7
ENOG410YQFE	4	3	0	7	7	7
ENOG410YS2G	2	5	7	0	7	7
ENOG410Z46E	0	7	3	4	7	7
ENOG410YSGI	4	3	0	7	7	7
ENOG410YTB7	0	7	6	1	7	7
ENOG410YV3D	0	7	2	5	7	7
ENOG410YVPT	0	7	6	1	7	7
ENOG410YXDJ	4	3	0	7	7	7
ENOG410YXFD	3	4	7	0	7	7
ENOG410YY0N	0	7	4	3	7	7
ENOG410YYF9	4	3	0	7	7	7
ENOG410Z261	3	4	0	7	7	7
ENOG410Z3UP	4	3	0	7	7	7
ENOG410XUTY	2	5	0	7	7	7
ENOG410XUMV	5	2	0	7	7	7
ENOG410ZVFU	3	4	7	0	7	7
ENOG410XUCI	0	7	4	3	7	7
ENOG410XPUH	3	4	7	0	7	7
ENOG410XPUQ	3	4	7	0	7	7
ENOG410XPW2	2	5	7	0	7	7
ENOG410XPWC	2	5	7	0	7	7
ENOG410XPY2	6	1	7	0	7	7
ENOG410XPYP	0	7	4	3	7	7
ENOG410XPYS	0	7	6	1	7	7
ENOG410XQ1F	0	7	3	4	7	7
ENOG410XQ43	4	3	0	7	7	7
ENOG410XQ4S	7	0	2	5	7	7
ENOG410XQ7R	3	4	0	7	7	7
ENOG410XQ9Q	0	7	4	3	7	7
ENOG410XQBH	3	4	0	7	7	7
ENOG410XQD0	0	7	4	3	7	7
ENOG410XQD7	3	4	7	0	7	7
ENOG410XQE2	4	3	0	7	7	7
ENOG410XQE6	0	7	5	2	7	7
ENOG410XQEK	0	7	6	1	7	7
ENOG410XQF5	1	6	7	0	7	7
ENOG410XQF9	0	7	6	1	7	7
ENOG410XQHH	0	7	4	3	7	7
ENOG410XQKS	4	3	0	7	7	7
ENOG410XQMH	4	3	0	7	7	7
ENOG410XPTE	0	7	7	0	7	7
ENOG410XPR5	1	6	7	0	7	7
ENOG410XPQW	2	5	7	0	7	7
ENOG410XNYS	3	4	0	7	7	7
COG5529	1	6	7	0	7	7
COG5577	5	2	0	7	7	7
COG5618	3	4	0	7	7	7
ENOG410XNN3	0	7	5	2	7	7
ENOG410XNP9	2	5	0	7	7	7
ENOG410XNPZ	1	6	7	0	7	7
ENOG410XNQ6	3	4	7	0	7	7
ENOG410XNTK	4	3	0	7	7	7
ENOG410XNUH	7	0	4	3	7	7
ENOG410XNVB	0	7	6	1	7	7
ENOG410XNZF	0	7	4	3	7	7
ENOG410XPP0	2	5	7	0	7	7
ENOG410XP3G	3	4	7	0	7	7
ENOG410XP3R	1	6	7	0	7	7
ENOG410XP7I	0	7	4	3	7	7
ENOG410XP9D	5	2	0	7	7	7
ENOG410XPA9	3	4	0	7	7	7
ENOG410XPE8	5	2	0	7	7	7
ENOG410XPFY	5	2	0	7	7	7
ENOG410XPHE	0	7	3	4	7	7
ENOG410XPMU	4	3	0	7	7	7
ENOG410XPNA	6	1	0	7	7	7
ENOG410XQPQ	0	7	3	4	7	7
ENOG410XQPS	0	7	5	2	7	7
ENOG410XQPV	1	6	7	0	7	7
ENOG410XSZ9	4	3	0	7	7	7
ENOG410XS6G	2	5	7	0	7	7
ENOG410XSBE	7	0	5	2	7	7
ENOG410XSBJ	1	6	7	0	7	7
ENOG410XSEI	4	3	0	7	7	7
ENOG410XSG5	0	7	1	6	7	7
ENOG410XSK4	3	4	0	7	7	7
ENOG410XSNI	0	7	4	3	7	7
ENOG410XSSD	2	5	7	0	7	7
ENOG410XSU2	7	0	4	3	7	7
ENOG410XSXG	4	3	0	7	7	7
ENOG410XT26	1	6	7	0	7	7
ENOG410XS3W	2	5	0	7	7	7
ENOG410XT3V	0	7	7	0	7	7
ENOG410XT7Q	2	5	0	7	7	7
ENOG410XT8A	2	5	7	0	7	7
ENOG410XT8S	2	5	7	0	7	7
ENOG410XT9P	2	5	7	0	7	7
ENOG410XTAF	2	5	7	0	7	7
ENOG410XTE1	2	5	7	0	7	7
ENOG410XTE8	2	5	7	0	7	7
ENOG410XTMC	3	4	7	0	7	7
ENOG410XUBN	4	3	0	7	7	7
ENOG410XS4R	2	5	7	0	7	7
ENOG410XS3B	0	7	2	5	7	7
ENOG410XQST	5	2	0	7	7	7
ENOG410XRQ4	4	3	7	0	7	7
ENOG410XQVW	2	5	7	0	7	7
ENOG410XQWY	5	2	0	7	7	7
ENOG410XR1I	2	5	7	0	7	7
ENOG410XR4R	3	4	7	0	7	7
ENOG410XRBE	1	6	7	0	7	7
ENOG410XRJ1	0	7	5	2	7	7
ENOG410XRKV	1	6	7	0	7	7
ENOG410XRNA	3	4	0	7	7	7
ENOG410XRNM	3	4	7	0	7	7
ENOG410XRPN	0	7	6	1	7	7
ENOG410XRQC	1	6	7	0	7	7
ENOG410XS2C	0	7	5	2	7	7
ENOG410XRSA	0	7	5	2	7	7
ENOG410XRSS	0	7	2	5	7	7
ENOG410XRVN	1	6	0	7	7	7
ENOG410XRVP	4	3	0	7	7	7
ENOG410XRW2	1	6	7	0	7	7
ENOG410XS0E	5	2	0	7	7	7
ENOG410XS0I	0	7	3	4	7	7
ENOG410XS0Z	2	5	7	0	7	7
ENOG410XS1S	0	7	4	3	7	7
ENOG410XS1X	2	5	7	0	7	7
ENOG410ZVE2	0	7	6	1	7	7
ENOG410ZVKR	0	7	6	1	7	7
COG5495	4	3	0	7	7	7
ENOG4111NK7	5	2	0	7	7	7
ENOG4111UDY	0	7	3	4	7	7
ENOG4111UEH	5	2	0	7	7	7
ENOG4111UIX	5	2	0	7	7	7
ENOG4111UPZ	7	0	2	5	7	7
ENOG4111URT	2	5	0	7	7	7
ENOG4111UTW	1	6	7	0	7	7
ENOG4111UX1	5	2	0	7	7	7
ENOG4111UXR	1	6	7	0	7	7
ENOG4111UY6	4	3	0	7	7	7
ENOG4111V59	4	3	0	7	7	7
ENOG4111V6N	0	7	7	0	7	7
ENOG4111VXM	7	0	4	3	7	7
ENOG4111WA6	1	6	7	0	7	7
ENOG4111WBC	0	7	5	2	7	7
ENOG4111WBG	4	3	0	7	7	7
ENOG4111WCW	0	7	5	2	7	7
ENOG4111WR2	6	1	7	0	7	7
ENOG4111X32	0	7	5	2	7	7
ENOG4111XHJ	2	5	7	0	7	7
ENOG4111XUI	2	5	0	7	7	7
ENOG4111XUP	5	2	0	7	7	7
ENOG4111XY5	2	5	0	7	7	7
ENOG4111XY8	2	5	7	0	7	7
ENOG4111U6K	0	7	6	1	7	7
ENOG4111U0Q	0	7	5	2	7	7
ENOG4111TPB	0	7	3	4	7	7
ENOG4111QDA	0	7	7	0	7	7
ENOG4111NX4	4	3	0	7	7	7
ENOG4111NXZ	0	7	4	3	7	7
ENOG4111NYT	2	5	7	0	7	7
ENOG4111P6R	2	5	7	0	7	7
ENOG4111PQG	0	7	7	0	7	7
ENOG4111PR2	2	5	7	0	7	7
ENOG4111PS2	0	7	3	4	7	7
ENOG4111Q5N	3	4	7	0	7	7
ENOG4111Q8R	2	5	7	0	7	7
ENOG4111Q95	3	4	7	0	7	7
ENOG4111QEZ	2	5	0	7	7	7
ENOG4111THK	4	3	0	7	7	7
ENOG4111QPQ	0	7	5	2	7	7
ENOG4111QWZ	7	0	3	4	7	7
ENOG4111R49	2	5	0	7	7	7
ENOG4111R8J	4	3	0	7	7	7
ENOG4111RJG	0	7	6	1	7	7
ENOG4111RR2	2	5	0	7	7	7
ENOG4111RVU	3	4	0	7	7	7
ENOG4111SF2	7	0	3	4	7	7
ENOG4111SNC	4	3	0	7	7	7
ENOG4111TA0	7	0	3	4	7	7
ENOG4111XYH	1	6	7	0	7	7
ENOG4111YYX	2	5	7	0	7	7
ENOG4111Z5W	5	2	0	7	7	7
ENOG41125VV	5	2	0	7	7	7
ENOG41123YZ	0	7	3	4	7	7
ENOG411241G	4	3	0	7	7	7
ENOG411247I	2	5	7	0	7	7
ENOG411249J	4	3	0	7	7	7
ENOG41124FW	4	3	0	7	7	7
ENOG41124WQ	0	7	5	2	7	7
ENOG41125BR	4	3	0	7	7	7
ENOG41125HS	0	7	4	3	7	7
ENOG41125I4	0	7	5	2	7	7
ENOG41125KS	0	7	6	1	7	7
ENOG41126E4	4	3	0	7	7	7
ENOG41123QH	3	4	0	7	7	7
ENOG41126XN	2	5	0	7	7	7
ENOG41126YZ	3	4	7	0	7	7
ENOG41127S9	0	7	5	2	7	7
ENOG41127X0	2	5	7	0	7	7
ENOG41127XA	3	4	0	7	7	7
ENOG41127ZD	4	3	0	7	7	7
ENOG41128VE	2	5	0	7	7	7
ENOG41129AH	7	0	4	3	7	7
ENOG4112AHB	4	3	0	7	7	7
ENOG4112AP8	3	4	0	7	7	7
ENOG41123UM	0	7	4	3	7	7
ENOG41123QB	0	7	5	2	7	7
ENOG4111ZBD	3	4	0	7	7	7
ENOG41121XC	4	3	0	7	7	7
ENOG4111ZNI	3	4	7	0	7	7
ENOG411203M	1	6	7	0	7	7
ENOG41120BR	1	6	7	0	7	7
ENOG41120Q3	4	3	0	7	7	7
ENOG411211N	0	7	7	0	7	7
ENOG411215N	0	7	7	0	7	7
ENOG41121NJ	0	7	6	1	7	7
ENOG41121NM	4	3	0	7	7	7
ENOG41121PF	2	5	0	7	7	7
ENOG41121U6	0	7	5	2	7	7
ENOG4112231	5	2	0	7	7	7
ENOG41123N6	5	2	7	0	7	7
ENOG4112242	4	3	0	7	7	7
ENOG4112250	3	4	0	7	7	7
ENOG411226D	5	2	0	7	7	7
ENOG41122TR	4	3	0	7	7	7
ENOG41122U9	3	4	0	7	7	7
ENOG41122UX	2	5	0	7	7	7
ENOG41122Z1	5	2	0	7	7	7
ENOG4112303	0	7	5	2	7	7
ENOG41123B5	3	4	0	7	7	7
ENOG41123MJ	7	0	4	3	7	7
ENOG4111NSJ	3	4	0	7	7	7
ENOG4111NGP	4	3	0	7	7	7
ENOG410ZVNJ	2	5	7	0	7	7
ENOG4111NCU	5	2	0	7	7	7
ENOG4110BMM	0	7	6	1	7	7
ENOG4110GJF	1	6	0	7	7	7
ENOG4110GRU	0	7	3	4	7	7
ENOG4110J45	2	5	0	7	7	7
ENOG4110XMY	4	3	0	7	7	7
ENOG4110Z4K	5	2	0	7	7	7
ENOG411138E	2	5	0	7	7	7
ENOG41115XM	2	5	7	0	7	7
ENOG411162A	2	5	7	0	7	7
ENOG41119MM	1	6	7	0	7	7
ENOG4111APV	0	7	6	1	7	7
ENOG4111EYA	3	4	7	0	7	7
ENOG4111F11	3	4	0	7	7	7
ENOG4111FHM	5	2	0	7	7	7
ENOG4111FJH	3	4	7	0	7	7
ENOG4111FMS	4	3	7	0	7	7
ENOG4111FPD	4	3	0	7	7	7
ENOG4111FPU	2	5	0	7	7	7
ENOG4111FRH	0	7	4	3	7	7
ENOG4111FRY	4	3	0	7	7	7
ENOG4111FTJ	0	7	5	2	7	7
ENOG4111FXP	5	2	0	7	7	7
ENOG4111G0A	1	6	0	7	7	7
ENOG41104JX	2	5	7	0	7	7
ENOG41103Y5	3	4	0	7	7	7
ENOG41103AX	3	4	7	0	7	7
ENOG410ZWGT	4	3	0	7	7	7
ENOG410ZVPT	4	3	0	7	7	7
ENOG410ZVQG	0	7	5	2	7	7
ENOG410ZVS8	5	2	7	0	7	7
ENOG410ZVW5	3	4	7	0	7	7
ENOG410ZVWB	0	7	4	3	7	7
ENOG410ZVWW	2	5	7	0	7	7
ENOG410ZVZG	5	2	0	7	7	7
ENOG410ZW2I	4	3	0	7	7	7
ENOG410ZWBR	7	0	3	4	7	7
ENOG410ZWEQ	4	3	7	0	7	7
ENOG410ZY5P	4	3	7	0	7	7
ENOG41102WG	0	7	6	1	7	7
ENOG410ZYD6	0	7	3	4	7	7
ENOG410ZYD9	0	7	3	4	7	7
ENOG410ZYUF	0	7	5	2	7	7
ENOG410ZZE8	3	4	0	7	7	7
ENOG410ZZGV	3	4	0	7	7	7
ENOG410ZZIS	6	1	0	7	7	7
ENOG410ZZRT	3	4	0	7	7	7
ENOG41100B0	2	5	7	0	7	7
ENOG41101IZ	4	3	0	7	7	7
ENOG41102SE	1	6	7	0	7	7
ENOG4111G10	0	7	5	2	7	7
ENOG4111G1G	3	4	7	0	7	7
ENOG4111G5T	3	4	0	7	7	7
ENOG4111K1F	5	2	0	7	7	7
ENOG4111IWS	3	4	7	0	7	7
ENOG4111IX6	2	5	0	7	7	7
ENOG4111J3F	5	2	0	7	7	7
ENOG4111JH1	1	6	7	0	7	7
ENOG4111JHW	4	3	0	7	7	7
ENOG4111JJ1	3	4	7	0	7	7
ENOG4111JSY	2	5	7	0	7	7
ENOG4111JTP	2	5	7	0	7	7
ENOG4111JUF	3	4	0	7	7	7
ENOG4111JZ3	3	4	0	7	7	7
ENOG4111K1X	4	3	0	7	7	7
ENOG4111IR8	2	5	7	0	7	7
ENOG4111KET	3	4	0	7	7	7
ENOG4111MD3	1	6	0	7	7	7
ENOG4111MTK	2	5	7	0	7	7
ENOG4111N5G	2	5	0	7	7	7
ENOG4111N5J	2	5	0	7	7	7
ENOG4111N5P	1	6	7	0	7	7
ENOG4111N5Z	3	4	0	7	7	7
ENOG4111N6F	0	7	3	4	7	7
ENOG4111NAR	5	2	0	7	7	7
ENOG4111NAW	1	6	7	0	7	7
ENOG4111IRS	0	7	1	6	7	7
ENOG4111IKZ	5	2	0	7	7	7
ENOG4111GFD	5	2	0	7	7	7
ENOG4111H83	0	7	3	4	7	7
ENOG4111GFI	5	2	0	7	7	7
ENOG4111GJG	0	7	1	6	7	7
ENOG4111GM9	7	0	1	6	7	7
ENOG4111GTZ	0	7	4	3	7	7
ENOG4111GVV	2	5	0	7	7	7
ENOG4111GW7	0	7	4	3	7	7
ENOG4111H02	2	5	7	0	7	7
ENOG4111H0I	5	2	0	7	7	7
ENOG4111H3W	4	3	0	7	7	7
ENOG4111H48	4	3	0	7	7	7
ENOG4111HE2	0	7	5	2	7	7
ENOG4111IKE	1	6	7	0	7	7
ENOG4111HFM	2	5	7	0	7	7
ENOG4111HK7	4	3	0	7	7	7
ENOG4111HPT	0	7	6	1	7	7
ENOG4111HS0	2	5	7	0	7	7
ENOG4111HYX	4	3	0	7	7	7
ENOG4111I84	4	3	0	7	7	7
ENOG4111I8C	3	4	0	7	7	7
ENOG4111ICX	0	7	6	1	7	7
ENOG4111IDI	3	4	0	7	7	7
ENOG4111IHQ	4	3	7	0	7	7
COG5525	0	7	4	3	7	7
COG5476	4	3	0	7	7	7
COG0102	3	4	0	7	7	7
COG0713	3	4	7	0	7	7
COG1085	0	7	3	4	7	7
COG1087	0	7	4	3	7	7
COG1126	0	7	3	4	7	7
COG1129	1	6	0	7	7	7
COG1134	0	7	2	5	7	7
COG1135	0	7	6	1	7	7
COG1143	6	1	7	0	7	7
COG1151	3	4	0	7	7	7
COG1159	0	7	3	4	7	7
COG1167	0	7	3	4	7	7
COG1168	0	7	4	3	7	7
COG1173	0	7	4	3	7	7
COG1189	0	7	4	3	7	7
COG1193	4	3	0	7	7	7
COG1194	0	7	5	2	7	7
COG1197	0	7	1	6	7	7
COG1208	7	0	5	2	7	7
COG1211	0	7	5	2	7	7
COG1221	1	6	7	0	7	7
COG1225	0	7	5	2	7	7
COG1232	0	7	4	3	7	7
COG1249	0	7	4	3	7	7
COG1251	3	4	7	0	7	7
COG1080	0	7	2	5	7	7
COG1057	0	7	5	2	7	7
COG1055	3	4	0	7	7	7
COG0806	0	7	3	4	7	7
COG0719	2	5	7	0	7	7
COG0747	0	7	5	2	7	7
COG0750	5	2	0	7	7	7
COG0762	0	7	5	2	7	7
COG0765	0	7	6	1	7	7
COG0792	1	6	7	0	7	7
COG0796	0	7	4	3	7	7
COG0797	4	3	7	0	7	7
COG0803	0	7	6	1	7	7
COG0804	3	4	0	7	7	7
COG0816	0	7	5	2	7	7
COG1028	1	6	7	0	7	7
COG0830	3	4	0	7	7	7
COG0833	2	5	7	0	7	7
COG0837	2	5	7	0	7	7
COG0839	0	7	6	1	7	7
COG0848	0	7	7	0	7	7
COG0849	7	0	4	3	7	7
COG0857	0	7	6	1	7	7
COG0858	0	7	6	1	7	7
COG0861	0	7	6	1	7	7
COG1007	3	4	7	0	7	7
COG1267	3	4	7	0	7	7
COG1271	4	3	7	0	7	7
COG1278	0	7	4	3	7	7
COG1624	5	2	0	7	7	7
COG1530	0	7	4	3	7	7
COG1539	0	7	6	1	7	7
COG1541	7	0	2	5	7	7
COG1546	0	7	3	4	7	7
COG1553	3	4	7	0	7	7
COG1589	0	7	5	2	7	7
COG1597	0	7	6	1	7	7
COG1605	2	5	7	0	7	7
COG1609	0	7	7	0	7	7
COG1611	0	7	6	1	7	7
COG1629	3	4	7	0	7	7
COG1511	0	7	5	2	7	7
COG1637	0	7	5	2	7	7
COG1651	0	7	6	1	7	7
COG1654	3	4	0	7	7	7
COG1670	0	7	6	1	7	7
COG1674	0	7	4	3	7	7
COG1682	0	7	6	1	7	7
COG1684	1	6	0	7	7	7
COG1702	0	7	3	4	7	7
COG1704	0	7	5	2	7	7
COG1713	4	3	0	7	7	7
COG1526	2	5	0	7	7	7
COG1502	4	3	0	7	7	7
COG1283	3	4	0	7	7	7
COG1399	0	7	6	1	7	7
COG1284	4	3	0	7	7	7
COG1286	0	7	4	3	7	7
COG1322	0	7	6	1	7	7
COG1348	3	4	0	7	7	7
COG1351	2	5	0	7	7	7
COG1354	0	7	2	5	7	7
COG1358	3	4	0	7	7	7
COG1359	3	4	7	0	7	7
COG1368	0	7	4	3	7	7
COG1385	0	7	5	2	7	7
COG1419	2	5	0	7	7	7
COG1495	1	6	7	0	7	7
COG1451	0	7	3	4	7	7
COG1452	1	6	7	0	7	7
COG1453	3	4	0	7	7	7
COG1454	3	4	0	7	7	7
COG1457	0	7	3	4	7	7
COG1464	0	7	5	2	7	7
COG1473	1	6	7	0	7	7
COG1485	1	6	7	0	7	7
COG1487	0	7	6	1	7	7
COG1488	0	7	2	5	7	7
COG0718	3	4	0	7	7	7
COG0709	4	3	0	7	7	7
COG1735	2	5	7	0	7	7
COG0705	0	7	6	1	7	7
COG0258	0	7	6	1	7	7
COG0262	0	7	5	2	7	7
COG0263	0	7	6	1	7	7
COG0268	0	7	2	5	7	7
COG0285	0	7	1	6	7	7
COG0293	0	7	5	2	7	7
COG0295	3	4	0	7	7	7
COG0298	0	7	3	4	7	7
COG0302	0	7	4	3	7	7
COG0321	7	0	7	0	7	7
COG0322	0	7	4	3	7	7
COG0325	0	7	5	2	7	7
COG0328	0	7	5	2	7	7
COG0349	0	7	2	5	7	7
COG0358	3	4	0	7	7	7
COG0359	0	7	4	3	7	7
COG0360	0	7	4	3	7	7
COG0363	0	7	5	2	7	7
COG0364	0	7	5	2	7	7
COG0366	0	7	5	2	7	7
COG0384	4	3	7	0	7	7
COG0392	0	7	6	1	7	7
COG0406	0	7	5	2	7	7
COG0255	0	7	3	4	7	7
COG0253	0	7	2	5	7	7
COG0248	0	7	6	1	7	7
COG0180	0	7	3	4	7	7
COG0111	0	7	6	1	7	7
COG0116	5	2	0	7	7	7
COG0121	2	5	7	0	7	7
COG0122	4	3	0	7	7	7
COG0127	0	7	2	5	7	7
COG0141	0	7	7	0	7	7
COG0142	1	6	7	0	7	7
COG0152	1	6	0	7	7	7
COG0157	0	7	6	1	7	7
COG0166	5	2	0	7	7	7
COG0185	0	7	5	2	7	7
COG0242	0	7	5	2	7	7
COG0198	0	7	4	3	7	7
COG0199	0	7	5	2	7	7
COG0200	1	6	0	7	7	7
COG0208	0	7	4	3	7	7
COG0212	0	7	4	3	7	7
COG0220	0	7	5	2	7	7
COG0225	0	7	3	4	7	7
COG0227	0	7	5	2	7	7
COG0231	0	7	5	2	7	7
COG0237	0	7	4	3	7	7
COG0410	0	7	5	2	7	7
COG0411	1	6	0	7	7	7
COG0413	7	0	4	3	7	7
COG0640	2	5	0	7	7	7
COG0572	5	2	0	7	7	7
COG0580	0	7	3	4	7	7
COG0582	0	7	3	4	7	7
COG0595	0	7	3	4	7	7
COG0596	2	5	7	0	7	7
COG0608	4	3	0	7	7	7
COG0626	0	7	6	1	7	7
COG0629	0	7	4	3	7	7
COG0634	0	7	4	3	7	7
COG0637	1	6	7	0	7	7
COG0642	3	4	0	7	7	7
COG0564	3	4	0	7	7	7
COG0647	0	7	5	2	7	7
COG0656	0	7	7	0	7	7
COG0661	0	7	4	3	7	7
COG0667	0	7	3	4	7	7
COG0670	0	7	6	1	7	7
COG0683	0	7	4	3	7	7
COG0689	0	7	7	0	7	7
COG0695	0	7	5	2	7	7
COG0697	0	7	6	1	7	7
COG0701	0	7	6	1	7	7
COG0566	0	7	3	4	7	7
COG0559	0	7	5	2	7	7
COG0415	2	5	7	0	7	7
COG0504	0	7	1	6	7	7
COG0418	4	3	7	0	7	7
COG0424	0	7	3	4	7	7
COG0426	3	4	0	7	7	7
COG0456	0	7	4	3	7	7
COG0464	0	7	6	1	7	7
COG0470	0	7	4	3	7	7
COG0472	1	6	7	0	7	7
COG0473	0	7	3	4	7	7
COG0494	0	7	3	4	7	7
COG0503	0	7	4	3	7	7
COG0505	0	7	4	3	7	7
COG0556	0	7	5	2	7	7
COG0516	0	7	5	2	7	7
COG0518	0	7	4	3	7	7
COG0524	0	7	5	2	7	7
COG0525	0	7	5	2	7	7
COG0531	1	6	7	0	7	7
COG0534	5	2	0	7	7	7
COG0537	0	7	6	1	7	7
COG0538	0	7	4	3	7	7
COG0550	0	7	2	5	7	7
COG0553	0	7	4	3	7	7
COG1729	2	5	7	0	7	7
COG1740	4	3	7	0	7	7
COG5430	1	6	7	0	7	7
COG3132	1	6	7	0	7	7
COG3527	0	7	5	2	7	7
COG3530	5	2	7	0	7	7
COG3543	5	2	0	7	7	7
COG3558	2	5	7	0	7	7
COG3583	0	7	3	4	7	7
COG3627	2	5	7	0	7	7
COG3662	0	7	6	1	7	7
COG3698	3	4	7	0	7	7
COG3707	0	7	6	1	7	7
COG3709	1	6	7	0	7	7
COG3724	2	5	7	0	7	7
COG3764	0	7	4	3	7	7
COG3778	4	3	7	0	7	7
COG3781	3	4	7	0	7	7
COG3797	5	2	0	7	7	7
COG3856	0	7	5	2	7	7
COG3859	2	5	0	7	7	7
COG3875	4	3	0	7	7	7
COG3886	0	7	4	3	7	7
COG3892	1	6	7	0	7	7
COG3920	0	7	5	2	7	7
COG3921	2	5	7	0	7	7
COG3954	4	3	7	0	7	7
COG3517	3	4	7	0	7	7
COG3493	4	3	0	7	7	7
COG3491	2	5	7	0	7	7
COG3266	2	5	7	0	7	7
COG3154	0	7	6	1	7	7
COG3157	2	5	7	0	7	7
COG3161	2	5	7	0	7	7
COG3165	3	4	7	0	7	7
COG3166	0	7	7	0	7	7
COG3204	2	5	7	0	7	7
COG3206	2	5	7	0	7	7
COG3227	2	5	7	0	7	7
COG3257	1	6	7	0	7	7
COG3264	3	4	7	0	7	7
COG3280	2	5	7	0	7	7
COG3484	3	4	7	0	7	7
COG3283	2	5	7	0	7	7
COG3288	0	7	5	2	7	7
COG3311	3	4	7	0	7	7
COG3340	0	7	4	3	7	7
COG3383	5	2	0	7	7	7
COG3423	0	7	7	0	7	7
COG3440	1	6	7	0	7	7
COG3442	0	7	4	3	7	7
COG3467	0	7	6	1	7	7
COG3480	0	7	5	2	7	7
COG3956	2	5	0	7	7	7
COG3960	3	4	7	0	7	7
COG3969	4	3	7	0	7	7
COG4850	0	7	4	3	7	7
COG4636	4	3	0	7	7	7
COG4646	5	2	0	7	7	7
COG4674	3	4	7	0	7	7
COG4685	0	7	7	0	7	7
COG4716	0	7	4	3	7	7
COG4721	0	7	3	4	7	7
COG4735	1	6	7	0	7	7
COG4753	3	4	0	7	7	7
COG4766	4	3	7	0	7	7
COG4773	0	7	7	0	7	7
COG4870	3	4	0	7	7	7
COG4598	3	4	7	0	7	7
COG4912	5	2	0	7	7	7
COG4943	2	5	7	0	7	7
COG4948	0	7	5	2	7	7
COG4974	4	3	7	0	7	7
COG5006	0	7	4	3	7	7
COG5279	4	3	0	7	7	7
COG5281	1	6	7	0	7	7
COG5282	0	7	6	1	7	7
COG5383	2	5	7	0	7	7
COG5405	1	6	7	0	7	7
COG4608	2	5	0	7	7	7
COG4585	0	7	4	3	7	7
COG4086	5	2	0	7	7	7
COG4253	0	7	5	2	7	7
COG4121	5	2	7	0	7	7
COG4147	1	6	7	0	7	7
COG4150	0	7	4	3	7	7
COG4172	0	7	3	4	7	7
COG4177	0	7	5	2	7	7
COG4181	0	7	7	0	7	7
COG4191	1	6	7	0	7	7
COG4229	1	6	7	0	7	7
COG4231	7	0	4	3	7	7
COG4243	0	7	5	2	7	7
COG4377	3	4	0	7	7	7
COG4579	2	5	7	0	7	7
COG4379	0	7	6	1	7	7
COG4430	4	3	7	0	7	7
COG4463	3	4	0	7	7	7
COG4472	3	4	0	7	7	7
COG4481	1	6	0	7	7	7
COG4485	5	2	0	7	7	7
COG4496	2	5	0	7	7	7
COG4512	2	5	0	7	7	7
COG4558	0	7	4	3	7	7
COG4559	0	7	3	4	7	7
COG3135	1	6	7	0	7	7
COG3126	0	7	6	1	7	7
COG1744	2	5	0	7	7	7
COG3121	1	6	7	0	7	7
COG2030	0	7	5	2	7	7
COG2039	0	7	4	3	7	7
COG2062	0	7	4	3	7	7
COG2068	3	4	0	7	7	7
COG2076	3	4	7	0	7	7
COG2109	2	5	0	7	7	7
COG2132	2	5	7	0	7	7
COG2135	0	7	4	3	7	7
COG2142	2	5	7	0	7	7
COG2148	4	3	0	7	7	7
COG2170	0	7	6	1	7	7
COG2171	0	7	6	1	7	7
COG2175	1	6	7	0	7	7
COG2177	2	5	0	7	7	7
COG2184	0	7	4	3	7	7
COG2190	0	7	3	4	7	7
COG2197	0	7	6	1	7	7
COG2215	3	4	7	0	7	7
COG2227	2	5	7	0	7	7
COG2239	2	5	0	7	7	7
COG2249	0	7	5	2	7	7
COG2303	1	6	7	0	7	7
COG2313	1	6	7	0	7	7
COG2025	4	3	0	7	7	7
COG2022	0	7	3	4	7	7
COG2008	0	7	3	4	7	7
COG1843	3	4	0	7	7	7
COG1752	7	0	2	5	7	7
COG1760	0	7	4	3	7	7
COG1765	0	7	5	2	7	7
COG1768	3	4	0	7	7	7
COG1770	0	7	6	1	7	7
COG1774	4	3	0	7	7	7
COG1776	3	4	0	7	7	7
COG1794	0	7	5	2	7	7
COG1799	0	7	4	3	7	7
COG1826	2	5	7	0	7	7
COG1846	3	4	0	7	7	7
COG2001	0	7	6	1	7	7
COG1854	0	7	6	1	7	7
COG1887	4	3	0	7	7	7
COG1910	3	4	0	7	7	7
COG1922	7	0	4	3	7	7
COG1925	5	2	0	7	7	7
COG1929	0	7	4	3	7	7
COG1946	0	7	5	2	7	7
COG1953	1	6	7	0	7	7
COG1957	0	7	7	0	7	7
COG1961	3	4	0	7	7	7
COG2316	3	4	0	7	7	7
COG2321	2	5	7	0	7	7
COG2323	0	7	5	2	7	7
COG3031	3	4	7	0	7	7
COG2981	1	6	7	0	7	7
COG2987	4	3	0	7	7	7
COG2992	3	4	7	0	7	7
COG2999	3	4	7	0	7	7
COG3001	0	7	6	1	7	7
COG3004	0	7	6	1	7	7
COG3010	0	7	2	5	7	7
COG3013	2	5	7	0	7	7
COG3017	1	6	7	0	7	7
COG3027	0	7	5	2	7	7
COG3041	0	7	3	4	7	7
COG2974	1	6	7	0	7	7
COG3044	4	3	0	7	7	7
COG3050	3	4	7	0	7	7
COG3060	1	6	7	0	7	7
COG3066	2	5	7	0	7	7
COG3079	3	4	7	0	7	7
COG3083	2	5	7	0	7	7
COG3085	2	5	7	0	7	7
COG3101	0	7	6	1	7	7
COG3111	2	5	7	0	7	7
COG3118	0	7	5	2	7	7
COG2980	1	6	7	0	7	7
COG2972	3	4	0	7	7	7
COG2331	0	7	4	3	7	7
COG2807	2	5	7	0	7	7
COG2351	1	6	7	0	7	7
COG2372	2	5	7	0	7	7
COG2386	0	7	6	1	7	7
COG2390	1	6	7	0	7	7
COG2426	4	3	0	7	7	7
COG2503	0	7	3	4	7	7
COG2518	1	6	7	0	7	7
COG2716	3	4	7	0	7	7
COG2733	1	6	7	0	7	7
COG2739	3	4	0	7	7	7
COG2814	0	7	6	1	7	7
COG2964	3	4	7	0	7	7
COG2815	3	4	0	7	7	7
COG2821	2	5	7	0	7	7
COG2824	0	7	4	3	7	7
COG2878	5	2	0	7	7	7
COG2908	5	2	7	0	7	7
COG2916	0	7	5	2	7	7
COG2933	3	4	7	0	7	7
COG2937	1	6	7	0	7	7
COG2944	2	5	7	0	7	7
COG2949	4	3	7	0	7	7
k_Bacteria.p_Firmicutes.c_Clostridia.o_Candidatus.Metalachnospira..no.order.in.NCBI..f_Candidatus.Metalachnospira..no.family.in.NCBI..g_Candidatus.Metalachnospira.s_Candidatus.Metalachnospira.gallinarum	3	4	0	7	7	7
